"start_station_name","ride_count","rider_type"
"Kingsbury St & Kinzie St","30887","member"
"DuSable Lake Shore Dr & Monroe St","30706","casual"
"Navy Pier","26937","casual"
"Clinton St & Washington Blvd","25298","member"
"Streeter Dr & Grand Ave","23284","casual"
"Michigan Ave & Oak St","22054","casual"
"Canal St & Madison St","21837","member"
"Clinton St & Madison St","21818","member"
"Clark St & Elm St","20602","member"
"DuSable Lake Shore Dr & North Blvd","19023","casual"
"State St & Chicago Ave","18822","member"
"Millennium Park","18718","casual"
"Wells St & Elm St","18663","member"
"Wells St & Concord Ln","18103","member"
"Clinton St & Jackson Blvd","18034","member"
"Wells St & Huron St","17633","member"
"Canal St & Adams St","16797","member"
"Shedd Aquarium","16519","casual"
"University Ave & 57th St","16154","member"
"Daley Center Plaza","15467","member"
"Theater on the Lake","15447","casual"
"Dusable Harbor","15373","casual"
"Kingsbury St & Erie St","15357","member"
"Desplaines St & Kinzie St","15312","member"
"Larrabee St & Kingsbury St","14869","member"
"Wells St & Hubbard St","14733","member"
"Dearborn St & Erie St","14722","member"
"Orleans St & Merchandise Mart Plaza","14461","member"
"Dearborn Pkwy & Delaware Pl","14431","member"
"Clark St & Armitage Ave","14414","member"
"McClurg Ct & Ohio St","14177","member"
"DuSable Lake Shore Dr & North Blvd","14154","member"
"Clinton St & Lake St","14098","member"
"Wilton Ave & Belmont Ave","13977","member"
"Ellis Ave & 60th St","13661","member"
"Clark St & Lincoln Ave","13610","member"
"Columbus Dr & Randolph St","13427","member"
"Ravenswood Ave & Lawrence Ave","13322","member"
"Ellis Ave & 55th St","13319","member"
"Franklin St & Monroe St","13229","member"
"Clark St & Lake St","13144","member"
"Broadway & Cornelia Ave","13094","member"
"Broadway & Waveland Ave","13048","member"
"Wabash Ave & Grand Ave","13034","member"
"Green St & Madison St","12567","member"
"Michigan Ave & Oak St","12517","member"
"Michigan Ave & Washington St","12410","member"
"Indiana Ave & Roosevelt Rd","12369","member"
"LaSalle St & Illinois St","11989","member"
"Halsted St & Clybourn Ave","11932","member"
"Broadway & Barry Ave","11925","member"
"New St & Illinois St","11808","member"
"Clark St & Wrightwood Ave","11726","member"
"Lincoln Ave & Fullerton Ave","11670","member"
"Wabash Ave & Roosevelt Rd","11667","member"
"Southport Ave & Waveland Ave","11551","member"
"Theater on the Lake","11452","member"
"Federal St & Polk St","11383","member"
"Sheffield Ave & Fullerton Ave","11328","member"
"St. Clair St & Erie St","11102","member"
"Michigan Ave & 8th St","11009","casual"
"LaSalle St & Jackson Blvd","10890","member"
"Michigan Ave & Lake St","10852","member"
"DuSable Lake Shore Dr & Diversey Pkwy","10703","member"
"Pine Grove Ave & Waveland Ave","10702","member"
"Dearborn St & Monroe St","10614","member"
"Sedgwick St & Huron St","10512","member"
"Montrose Harbor","10340","casual"
"Franklin St & Jackson Blvd","10305","member"
"Clark St & Schiller St","10114","member"
"Clark St & Drummond Pl","10039","member"
"Franklin St & Lake St","10002","member"
"Fairbanks Ct & Grand Ave","9976","member"
"Aberdeen St & Jackson Blvd","9955","member"
"Adler Planetarium","9897","casual"
"Loomis St & Lexington St","9858","member"
"Kimbark Ave & 53rd St","9808","member"
"Field Museum","9808","casual"
"Clarendon Ave & Gordon Ter","9679","member"
"Canal St & Jackson Blvd","9667","member"
"McClurg Ct & Erie St","9598","member"
"Broadway & Sheridan Rd","9574","member"
"Ashland Ave & Division St","9564","member"
"Rush St & Cedar St","9562","member"
"Peoria St & Jackson Blvd","9519","member"
"Southport Ave & Roscoe St","9485","member"
"Lakeview Ave & Fullerton Pkwy","9455","member"
"Pine Grove Ave & Irving Park Rd","9449","member"
"Larrabee St & Webster Ave","9429","member"
"Wells St & Walton St","9402","member"
"Halsted St & Roscoe St","9399","member"
"Michigan Ave & Washington St","9329","casual"
"Sheridan Rd & Irving Park Rd","9301","member"
"Kingsbury St & Kinzie St","9273","casual"
"Clark St & Newport St","9273","member"
"Clark St & Lincoln Ave","9250","casual"
"Halsted St & Fulton St","9238","member"
"Clark St & Armitage Ave","9231","casual"
"Indiana Ave & Roosevelt Rd","9172","casual"
"DuSable Lake Shore Dr & Belmont Ave","9137","member"
"Morgan St & Polk St","9117","member"
"Wells St & Evergreen Ave","9115","member"
"Wabash Ave & Grand Ave","9047","casual"
"Desplaines St & Jackson Blvd","8989","member"
"Wells St & Concord Ln","8952","casual"
"Clark St & Elm St","8951","casual"
"DuSable Lake Shore Dr & Wellington Ave","8936","member"
"Franklin St & Chicago Ave","8866","member"
"Mies van der Rohe Way & Chestnut St","8843","member"
"Halsted St & Wrightwood Ave","8799","member"
"Clark St & Winnemac Ave","8785","member"
"Franklin St & Illinois St","8758","member"
"New St & Illinois St","8758","casual"
"Sheffield Ave & Kingsbury St","8673","member"
"Sheffield Ave & Webster Ave","8632","member"
"Milwaukee Ave & Grand Ave","8564","member"
"State St & Kinzie St","8553","member"
"Broadway & Belmont Ave","8549","member"
"Rush St & Superior St","8520","member"
"Sheffield Ave & Wellington Ave","8478","member"
"Sheffield Ave & Wrightwood Ave","8475","member"
"Clark St & Wellington Ave","8415","member"
"Damen Ave & Pierce Ave","8389","member"
"Sheridan Rd & Montrose Ave","8383","member"
"Wabash Ave & 9th St","8337","member"
"Millennium Park","8270","member"
"Michigan Ave & Lake St","8248","casual"
"Mies van der Rohe Way & Chicago Ave","8223","member"
"Halsted St & Polk St","8190","member"
"DuSable Lake Shore Dr & Monroe St","8178","member"
"LaSalle St & Illinois St","8023","casual"
"Elston Ave & Cortland St","8020","member"
"Burling St & Diversey Pkwy","7941","member"
"State St & Randolph St","7918","member"
"DuSable Lake Shore Dr & Diversey Pkwy","7865","casual"
"Clarendon Ave & Junior Ter","7860","member"
"Sedgwick St & Webster Ave","7853","member"
"Wells St & Randolph St","7823","member"
"Field Blvd & South Water St","7820","member"
"Morgan St & Lake St*","7804","member"
"Columbus Dr & Randolph St","7795","casual"
"McClurg Ct & Ohio St","7766","casual"
"Stockton Dr & Wrightwood Ave","7722","member"
"Wells St & Elm St","7719","casual"
"Dayton St & North Ave","7678","member"
"Clark St & Chicago Ave","7657","member"
"Sedgwick St & North Ave","7642","member"
"Wells St & Huron St","7635","casual"
"Navy Pier","7596","member"
"Ogden Ave & Chicago Ave","7543","member"
"Buckingham Fountain","7430","casual"
"Wilton Ave & Diversey Pkwy","7421","member"
"Wells St & Polk St","7397","member"
"Canal St & Monroe St","7303","member"
"DuSable Lake Shore Dr & Belmont Ave","7293","casual"
"Dearborn St & Erie St","7277","casual"
"Cityfront Plaza Dr & Pioneer Ct","7260","member"
"Sheffield Ave & Waveland Ave","7259","member"
"Michigan Ave & 14th St","7246","member"
"Ritchie Ct & Banks St","7221","member"
"Clark St & Berwyn Ave","7207","member"
"Aberdeen St & Randolph St","7199","member"
"Dearborn St & Adams St","7139","member"
"Montrose Harbor","7133","member"
"Wells St & Hubbard St","7125","casual"
"Halsted St & Dickens Ave","7112","member"
"Wacker Dr & Washington St","7083","member"
"Canal St & Madison St","7067","casual"
"Wilton Ave & Belmont Ave","7022","casual"
"Racine Ave & Fullerton Ave","7014","member"
"Bissell St & Armitage Ave*","7000","member"
"State St & Chicago Ave","6997","casual"
"Southport Ave & Wellington Ave","6916","member"
"Lincoln Ave & Melrose St","6903","member"
"Clinton St & Madison St","6821","casual"
"Clifton Ave & Armitage Ave","6794","member"
"Dearborn Pkwy & Delaware Pl","6785","casual"
"Lincoln Ave & Diversey Pkwy","6767","member"
"Damen Ave & Chicago Ave","6754","member"
"Shore Dr & 55th St","6754","member"
"Stetson Ave & South Water St","6712","member"
"Orleans St & Hubbard St","6662","member"
"Elizabeth St & Randolph St","6651","member"
"California Ave & Milwaukee Ave","6649","member"
"Larrabee St & Division St","6571","member"
"Ellis Ave & 58th St","6571","member"
"Damen Ave & Cortland St","6531","member"
"Lincoln Park Conservatory","6529","casual"
"Sheridan Rd & Buena Ave","6519","member"
"Blackstone Ave & 59th St","6489","member"
"Broadway & Wilson Ave","6480","member"
"Financial Pl & Ida B Wells Dr","6463","member"
"Kedzie Ave & Milwaukee Ave","6455","member"
"Clark St & Newport St","6430","casual"
"Rush St & Hubbard St","6404","member"
"LaSalle Dr & Huron St","6382","member"
"Paulina St & Flournoy St","6359","member"
"May St & Taylor St","6356","member"
"Honore St & Division St","6329","member"
"Racine Ave & Belmont Ave","6325","member"
"Wolcott Ave & Polk St","6320","member"
"Streeter Dr & Grand Ave","6286","member"
"Sheffield Ave & Willow St","6282","member"
"Michigan Ave & Jackson Blvd","6271","casual"
"Michigan Ave & 8th St","6225","member"
"Sangamon St & Lake St","6211","member"
"Broadway & Cornelia Ave","6142","casual"
"Fairbanks Ct & Grand Ave","6121","casual"
"Lincoln Ave & Roscoe St*","6116","member"
"DuSable Lake Shore Dr & Wellington Ave","6095","casual"
"Woodlawn Ave & 55th St","6027","member"
"Woodlawn Ave & 58th St","5996","member"
"900 W Harrison St","5996","member"
"Daley Center Plaza","5971","casual"
"Desplaines St & Kinzie St","5952","casual"
"Southport Ave & Belmont Ave","5942","member"
"Wabash Ave & Adams St","5939","member"
"Aberdeen St & Monroe St","5937","member"
"Orleans St & Merchandise Mart Plaza","5861","casual"
"Clark St & North Ave","5857","member"
"Southport Ave & Wrightwood Ave","5849","member"
"Wabash Ave & Roosevelt Rd","5800","casual"
"Halsted St & Willow St","5799","member"
"Clark St & Ida B Wells Dr","5795","member"
"Lakefront Trail & Bryn Mawr Ave","5785","member"
"Wood St & Milwaukee Ave","5769","member"
"Sheffield Ave & Waveland Ave","5753","casual"
"Carpenter St & Huron St","5728","member"
"Broadway & Barry Ave","5700","casual"
"Clark St & Lake St","5681","casual"
"St. Clair St & Erie St","5661","casual"
"Lincoln Park Conservatory","5642","member"
"Clark St & Grace St","5582","member"
"Sangamon St & Washington Blvd","5579","member"
"Wabash Ave & Wacker Pl","5547","member"
"Dusable Harbor","5542","member"
"Wells St & Evergreen Ave","5531","casual"
"Wabash Ave & Wacker Pl","5492","casual"
"Larrabee St & Webster Ave","5489","casual"
"Lakeview Ave & Fullerton Pkwy","5465","casual"
"Damen Ave & Division St","5453","member"
"Milwaukee Ave & The 606","5421","member"
"Larrabee St & Oak St","5408","member"
"Mies van der Rohe Way & Chestnut St","5402","casual"
"Lakefront Trail & Bryn Mawr Ave","5390","casual"
"Cityfront Plaza Dr & Pioneer Ct","5386","casual"
"Pine Grove Ave & Waveland Ave","5359","casual"
"Ada St & Washington Blvd","5323","member"
"Clark St & Wrightwood Ave","5318","casual"
"Green St & Randolph St*","5293","member"
"Wood St & Chicago Ave","5277","member"
"Michigan Ave & Jackson Blvd","5271","member"
"Wells St & Institute Pl","5260","member"
"Ogden Ave & Race Ave","5260","member"
"Clinton St & Jackson Blvd","5243","casual"
"Franklin St & Adams St ","5237","member"
"Clark St & Leland Ave","5232","member"
"Franklin St & Jackson Blvd","5219","casual"
"Halsted St & Maxwell St","5212","member"
"State St & Pearson St","5202","member"
"Broadway & Waveland Ave","5189","casual"
"Sheffield Ave & Fullerton Ave","5172","casual"
"Western Ave & Winnebago Ave","5157","member"
"Noble St & Milwaukee Ave","5134","member"
"Field Blvd & South Water St","5122","casual"
"Wabash Ave & 16th St","5102","member"
"Broadway & Berwyn Ave","5067","member"
"Greenview Ave & Fullerton Ave","5049","member"
"Clinton St & Washington Blvd","5029","casual"
"Orleans St & Chestnut St (NEXT Apts)","5027","member"
"Desplaines St & Randolph St","5018","member"
"Clark St & Bryn Mawr Ave","5016","member"
"Damen Ave & Thomas St (Augusta Blvd)","4984","member"
"Elizabeth St & Fulton St","4977","member"
"Sheffield Ave & Wrightwood Ave","4975","casual"
"Green St & Madison St","4959","casual"
"McCormick Place","4958","casual"
"LaSalle St & Washington St","4948","member"
"State St & Randolph St","4944","casual"
"Ashland Ave & Blackhawk St","4938","member"
"Halsted St & Clybourn Ave","4931","casual"
"University Ave & 59th St","4921","member"
"Southport Ave & Waveland Ave","4917","casual"
"Ashland Ave & Chicago Ave","4908","member"
"Michigan Ave & 18th St","4891","member"
"Clark St & Schiller St","4883","casual"
"Halsted St & Roscoe St","4850","casual"
"Southport Ave & Roscoe St","4843","casual"
"Jefferson St & Monroe St","4840","member"
"University Ave & 57th St","4838","casual"
"State St & Van Buren St","4834","member"
"Sheridan Rd & Argyle St","4821","member"
"Eckhart Park","4812","member"
"Wabash Ave & 9th St","4800","casual"
"Halsted St & Wrightwood Ave","4789","casual"
"Clinton St & Tilden St","4788","member"
"Larrabee St & Armitage Ave","4767","member"
"Canal St & Adams St","4757","casual"
"Clarendon Ave & Leland Ave","4740","member"
"Clark St & Montrose Ave","4739","member"
"Calumet Ave & 18th St","4737","member"
"Wood St & Taylor St (Temp)","4712","member"
"Federal St & Polk St","4697","casual"
"Southport Ave & Irving Park Rd","4686","member"
"Lake Park Ave & 56th St","4680","member"
"State St & Kinzie St","4679","casual"
"Wood St & Augusta Blvd","4678","member"
"Kingsbury St & Erie St","4670","casual"
"Michigan Ave & Madison St","4654","member"
"Burnham Harbor","4625","member"
"Fairbanks St & Superior St","4603","member"
"Rush St & Cedar St","4573","casual"
"Milwaukee Ave & Grand Ave","4553","casual"
"Halsted St & Fulton St","4532","casual"
"Ashland Ave & Augusta Blvd","4526","member"
"MLK Jr Dr & 29th St","4523","member"
"Clark St & Grace St","4513","casual"
"Lake Park Ave & 53rd St","4495","member"
"Lincoln Ave & Fullerton Ave","4487","casual"
"Damen Ave & Pierce Ave","4444","casual"
"Damen Ave & Leland Ave","4438","member"
"Rush St & Superior St","4434","casual"
"Sheridan Rd & Irving Park Rd","4425","casual"
"Dearborn St & Monroe St","4424","casual"
"Green St & Washington Blvd","4406","member"
"State St & Harrison St","4405","member"
"Ellis Ave & 53rd St","4397","member"
"Michigan Ave & Pearson St","4368","casual"
"Franklin St & Illinois St","4361","casual"
"Shore Dr & 55th St","4343","casual"
"Halsted St & Roosevelt Rd","4341","member"
"Broadway & Belmont Ave","4330","casual"
"Burnham Harbor","4322","casual"
"Paulina Ave & North Ave","4311","member"
"Cornell Ave & Hyde Park Blvd","4303","member"
"Hermitage Ave & Polk St","4299","member"
"Stockton Dr & Wrightwood Ave","4289","casual"
"Clark St & Winnemac Ave","4287","casual"
"Broadway & Granville Ave","4280","member"
"Michigan Ave & Pearson St","4276","member"
"Clinton St & Lake St","4261","casual"
"Wells St & Walton St","4261","casual"
"Campbell Ave & North Ave","4250","member"
"Dearborn St & Van Buren St","4232","member"
"Clark St & North Ave","4212","casual"
"Michigan Ave & Ida B Wells Dr","4211","casual"
"Larrabee St & Kingsbury St","4201","casual"
"Broadway & Thorndale Ave","4189","member"
"Clark St & Wellington Ave","4182","casual"
"Broadway & Argyle St","4176","member"
"McClurg Ct & Erie St","4174","casual"
"State St & 33rd St","4168","member"
"Ravenswood Ave & Lawrence Ave","4142","casual"
"Marine Dr & Ainslie St","4132","member"
"Racine Ave & Congress Pkwy","4123","member"
"Southport Ave & Wellington Ave","4113","casual"
"Ashland Ave & Wellington Ave","4093","member"
"Clark St & Drummond Pl","4080","casual"
"Delano Ct & Roosevelt Rd","4076","member"
"Aberdeen St & Jackson Blvd","4076","casual"
"Clybourn Ave & Division St","4065","member"
"Mies van der Rohe Way & Chicago Ave","4062","casual"
"Lakefront Trail & Wilson Ave","4059","casual"
"Sheffield Ave & Wellington Ave","4052","casual"
"Ellis Ave & 60th St","4038","casual"
"Pine Grove Ave & Irving Park Rd","3985","casual"
"Orleans St & Elm St","3972","member"
"Sheffield Ave & Webster Ave","3968","casual"
"Franklin St & Chicago Ave","3965","casual"
"Larrabee St & Menomonee St","3950","member"
"Peoria St & Jackson Blvd","3941","casual"
"Bissell St & Armitage Ave*","3919","casual"
"Ellis Ave & 55th St","3903","casual"
"Stetson Ave & South Water St","3902","casual"
"Larrabee St & North Ave","3875","member"
"Southport Ave & Clybourn Ave","3867","member"
"Racine Ave & Wrightwood Ave","3862","member"
"Sedgwick St & North Ave","3814","casual"
"Winthrop Ave & Lawrence Ave","3811","member"
"Damen Ave & Cortland St","3795","casual"
"Racine Ave & 18th St","3791","member"
"Racine Ave & Belmont Ave","3785","casual"
"Kedzie Ave & Milwaukee Ave","3774","casual"
"Sheridan Rd & Montrose Ave","3774","casual"
"Lincoln Ave & Sunnyside Ave","3772","member"
"Leavitt St & North Ave","3753","member"
"Walsh Park","3743","member"
"Halsted St & Dickens Ave","3735","casual"
"Ritchie Ct & Banks St","3732","casual"
"California Ave & Milwaukee Ave","3721","casual"
"Broadway & Sheridan Rd","3719","casual"
"Clark St & Chicago Ave","3691","casual"
"Adler Planetarium","3688","member"
"Ashland Ave & Division St","3666","casual"
"Artesian Ave & Hubbard St","3659","member"
"Benson Ave & Church St","3644","member"
"Loomis St & Jackson Blvd","3633","member"
"LaSalle Dr & Huron St","3633","casual"
"Aberdeen St & Carroll Ave","3629","member"
"Racine Ave & Washington Blvd","3625","member"
"Michigan Ave & Madison St","3617","casual"
"Sedgwick St & Webster Ave","3614","casual"
"Wells St & Polk St","3582","casual"
"Shedd Aquarium","3580","member"
"Wabash Ave & Adams St","3579","casual"
"Michigan Ave & 14th St","3578","casual"
"Paulina St & Montrose Ave","3549","member"
"Clark St & Berwyn Ave","3548","casual"
"Western Ave & Walton St","3545","member"
"Throop St & Taylor St","3542","member"
"Buckingham Fountain","3540","member"
"Ashland Ave & Wrightwood Ave","3528","member"
"Kimbark Ave & 53rd St","3525","casual"
"Leavitt St & Armitage Ave","3521","member"
"Wilton Ave & Diversey Pkwy*","3515","member"
"Sheridan Rd & Lawrence Ave","3507","member"
"Greenview Ave & Diversey Pkwy","3505","member"
"Franklin St & Lake St","3480","casual"
"Clarendon Ave & Junior Ter","3478","casual"
"Damen Ave & Charleston St","3473","member"
"Aberdeen St & Randolph St","3463","casual"
"Dayton St & North Ave","3462","casual"
"Morgan St & Lake St*","3461","casual"
"Wells St & Randolph St","3457","casual"
"Larrabee St & Division St","3453","casual"
"Sheffield Ave & Addison St ","3451","member"
"Clarendon Ave & Gordon Ter","3435","casual"
"Morgan Ave & 14th Pl","3431","member"
"Franklin St & Monroe St","3430","casual"
"Wolcott (Ravenswood) Ave & Montrose Ave","3428","member"
"Calumet Ave & 18th St","3414","casual"
"Seeley Ave & Roscoe St","3377","member"
"Drexel Ave & 60th St","3359","member"
"Leavitt St & Chicago Ave","3358","member"
"Ashland Ave & Grace St","3356","member"
"Sedgwick St & Huron St","3340","casual"
"Rush St & Hubbard St","3325","casual"
"Wilton Ave & Diversey Pkwy","3322","casual"
"Desplaines St & Jackson Blvd","3305","casual"
"Western Ave & Leland Ave","3297","member"
"Ravenswood Ave & Irving Park Rd","3296","member"
"Calumet Ave & 33rd St","3291","member"
"Sheffield Ave & Addison St ","3283","casual"
"Glenwood Ave & Morse Ave","3278","member"
"Damen Ave & Wicker Park Ave","3273","member"
"Ashland Ave & Lake St","3262","member"
"Michigan Ave & 18th St","3250","casual"
"Blue Island Ave & 18th St","3250","member"
"Griffin Museum of Science and Industry","3249","casual"
"Damen Ave & Foster Ave","3242","member"
"Clinton St & Roosevelt Rd","3238","member"
"Broadway & Ridge Ave","3236","member"
"California Ave & Cortez St","3226","member"
"Lincoln Ave & Belle Plaine Ave","3220","member"
"Ravenswood Ave & Berteau Ave","3209","member"
"N Green St & W Lake St","3201","member"
"LaSalle St & Adams St","3169","member"
"Lincoln Ave & Waveland Ave","3143","member"
"Green St & Randolph St*","3142","casual"
"Canal St & Taylor St","3142","member"
"Broadway & Wilson Ave","3136","casual"
"Elston Ave & Cortland St","3134","casual"
"Blackstone Ave & Hyde Park Blvd","3130","member"
"Sheridan Rd & Noyes St (NU)","3117","member"
"Lincoln Ave & Diversey Pkwy","3113","casual"
"Honore St & Division St","3089","casual"
"Wentworth Ave & Cermak Rd*","3084","member"
"Spaulding Ave & Armitage Ave","3061","member"
"Morgan St & 18th St","3059","member"
"State St & Van Buren St","3058","casual"
"Sheffield Ave & Kingsbury St","3051","casual"
"Ashland Ave & Grand Ave","3051","member"
"Franklin St & Washington St","3046","member"
"Damen Ave & Chicago Ave","3040","casual"
"Ogden Ave & Chicago Ave","3034","casual"
"Wentworth Ave & Cermak Rd*","3027","casual"
"Kedzie Ave & Palmer Ct","3018","member"
"Elizabeth St & Randolph St","2996","casual"
"Rhodes Ave & 32nd St","2986","member"
"Albany Ave & Bloomingdale Ave","2966","member"
"Lakefront Trail & Wilson Ave","2961","member"
"State St & Harrison St","2954","casual"
"Logan Blvd & Elston Ave","2951","member"
"Clark St & 9th St (AMLI)","2934","member"
"Lincoln Ave & Byron St","2924","member"
"Sheridan Rd & Noyes St (NU)","2916","casual"
"Dearborn St & Adams St","2892","casual"
"Damen Ave & Wellington Ave","2887","member"
"California Ave & Francis Pl","2885","member"
"Clark St & Leland Ave","2884","casual"
"Hampden Ct & Diversey Pkwy","2843","member"
"Stave St & Armitage Ave","2822","member"
"Financial Pl & Ida B Wells Dr","2817","casual"
"Damen Ave & Grand Ave","2814","member"
"Woodlawn Ave & 55th St","2804","casual"
"Loomis St & Lexington St","2801","casual"
"Paulina St & 18th St","2788","member"
"Southport Ave & Belmont Ave","2783","casual"
"Clark St & Arlington Pl","2774","member"
"Clifton Ave & Armitage Ave","2772","casual"
"Sangamon St & Lake St","2771","casual"
"Racine Ave & Fullerton Ave","2770","casual"
"Sedgwick St & Schiller St","2770","member"
"Wood St & Hubbard St","2766","member"
"Michigan Ave & Ida B Wells Dr","2759","member"
"Damen Ave & Sunnyside Ave","2758","member"
"Larrabee St & Armitage Ave","2743","casual"
"Western Ave & Division St","2743","member"
"Sheridan Rd & Buena Ave","2735","casual"
"Damen Ave & Clybourn Ave","2707","member"
"Halsted St & Maxwell St","2690","casual"
"Leavitt St & Belmont Ave","2688","member"
"Clark St & Ida B Wells Dr","2687","casual"
"Humboldt Blvd & Armitage Ave","2685","member"
"Damen Ave & Division St","2684","casual"
"900 W Harrison St","2681","casual"
"Burling St & Diversey Pkwy","2668","casual"
"LaSalle St & Jackson Blvd","2666","casual"
"Cannon Dr & Fullerton Ave","2651","casual"
"Southport Ave & Wrightwood Ave","2639","casual"
"Fulton Market","2638","member"
"Wood St & Milwaukee Ave","2606","casual"
"Milwaukee Ave & The 606","2601","casual"
"Halsted St & 18th St","2577","member"
"Lincoln Ave & Melrose St","2561","casual"
"Shields Ave & 31st St","2557","member"
"Damen Ave & Melrose Ave","2550","member"
"Emerald Ave & 31st St","2546","member"
"Carpenter St & Huron St","2544","casual"
"Racine Ave & Randolph St","2538","member"
"Chicago Ave & Sheridan Rd","2534","casual"
"Halsted St & Willow St","2534","casual"
"Delano Ct & Roosevelt Rd","2517","casual"
"Broadway & Oakdale Ave","2516","member"
"Marine Dr & Ainslie St","2515","casual"
"Western Ave & Winnebago Ave","2506","casual"
"Sheridan Rd & Argyle St","2503","casual"
"Leavitt St & Lawrence Ave","2503","member"
"Leavitt St & Division St","2493","member"
"Streeter Dr/Grand Ave","2482","casual"
"Southport Ave & Irving Park Rd","2465","casual"
"Calumet Ave & 21st St","2464","casual"
"Wells St & Institute Pl","2459","casual"
"Green St & Lake St ","2456","member"
"Clark St & Montrose Ave","2456","casual"
"Lincoln Ave & Addison St","2447","member"
"State St & Pearson St","2440","casual"
"Griffin Museum of Science and Industry","2439","member"
"Orleans St & Chestnut St (NEXT Apts)","2427","casual"
"Ashland Ave & Blackhawk St","2426","casual"
"W Armitage Ave & N Sheffield Ave","2420","member"
"Calumet Ave & 21st St","2414","member"
"Fort Dearborn Dr & 31st St*","2390","casual"
"Sangamon St & Washington Blvd","2386","casual"
"Dearborn St & Van Buren St","2385","casual"
"Benson Ave & Church St","2385","casual"
"Walsh Park","2379","casual"
"Wabash Ave & 16th St","2374","casual"
"Canal St & Jackson Blvd","2369","casual"
"Chicago Ave & Sheridan Rd","2365","member"
"Greenview Ave & Fullerton Ave","2357","casual"
"Sheridan Rd & Loyola Ave","2355","member"
"Ashland Ave & 13th St","2354","member"
"Campbell Ave & Montrose Ave","2348","member"
"Orleans St & Hubbard St","2348","casual"
"Clark St & Lunt Ave","2339","member"
"Southport Ave & Clark St","2337","member"
"Ogden Ave & Congress Pkwy","2333","member"
"Damen Ave & Lake St","2322","member"
"Peterson/Ridge Metra","2320","member"
"Desplaines St & Randolph St","2288","casual"
"Halsted St & Polk St","2286","casual"
"Kimball Ave & Belmont Ave","2275","member"
"Franklin St & Adams St ","2270","casual"
"Morgan St & 31st St","2256","member"
"Clinton St & 18th St","2251","member"
"California Ave & Montrose Ave","2243","member"
"Milwaukee Ave & Rockwell St","2230","member"
"Damen Ave & Thomas St (Augusta Blvd)","2229","casual"
"Blackstone Ave & 59th St","2226","casual"
"Broadway & Granville Ave","2220","casual"
"Wilton Ave & Addison St","2214","member"
"Field Museum","2214","member"
"Canal St & Monroe St","2196","casual"
"Green St & Washington Blvd","2195","casual"
"California Ave & North Ave","2190","member"
"Dearborn St & Maple St","2174","member"
"Ogden Ave & Race Ave","2170","casual"
"Rockwell St & Eastwood Ave","2160","member"
"Wood St & Beach Ave","2160","member"
"California Ave & Division St","2146","member"
"Central Park Ave & Elbridge Ave","2143","member"
"Morgan St & Polk St","2143","casual"
"Clark St & Bryn Mawr Ave","2140","casual"
"May St & Taylor St","2135","casual"
"Woodlawn Ave & 58th St","2117","casual"
"Wacker Dr & Washington St","2089","casual"
"Clinton St & Roosevelt Rd","2078","casual"
"Jefferson St & Monroe St","2078","casual"
"Milwaukee Ave & Fullerton Ave","2076","member"
"N Carpenter St & W Lake St","2071","member"
"California Ave & Altgeld St","2055","member"
"Paulina Ave & North Ave","2051","casual"
"Racine Ave & 15th St","2045","member"
"Clarendon Ave & Leland Ave","2035","casual"
"Western Ave & Walton St","2032","casual"
"Broadway & Thorndale Ave","2029","casual"
"Lake Park Ave & 53rd St","2023","casual"
"Aberdeen St & Monroe St","2016","casual"
"Clark St & Schreiber Ave","2013","member"
"Cornell Ave & Hyde Park Blvd","2012","casual"
"Talman Ave & Addison St","1999","member"
"Dearborn St & Division St","1999","member"
"Winthrop Ave & Lawrence Ave","1996","casual"
"Lincoln Ave & Roscoe St*","1994","casual"
"Canal St & Harrison St","1991","member"
"Broadway & Argyle St","1985","casual"
"Sheridan Rd & Columbia Ave","1982","member"
"Wacker Dr & Washington St Corral","1978","member"
"Broadway & Sunnyside Ave","1969","member"
"Humboldt Blvd & Armitage Ave","1968","casual"
"Avondale Ave & Irving Park Rd","1964","member"
"Sheffield Ave & Willow St","1961","casual"
"Racine Ave & Wrightwood Ave","1956","casual"
"Fairbanks St & Superior St","1954","casual"
"Racine Ave & 18th St","1939","casual"
"Broadway & Berwyn Ave","1929","casual"
"Noble St & Milwaukee Ave","1908","casual"
"Washtenaw Ave & Lawrence Ave","1901","member"
"Cannon Dr & Fullerton Ave","1888","member"
"Eckhart Park","1885","casual"
"Elizabeth St & Fulton St","1883","casual"
"St. Louis Ave & Fullerton Ave","1881","member"
"Greenview Ave & Jarvis Ave","1877","member"
"Lake Park Ave & 56th St","1871","casual"
"Damen Ave & Leland Ave","1868","casual"
"Harper Ave & 59th St","1868","member"
"Greenview Ave & Diversey Pkwy","1867","casual"
"McCormick Place","1838","member"
"Damen Ave & Foster Ave","1833","casual"
"Ada St & Washington Blvd","1829","casual"
"California Ave & Cortez St","1825","casual"
"Damen Ave & Charleston St","1822","casual"
"Wilton Ave & Addison St","1821","casual"
"Damen Ave & Wabansia Ave","1808","member"
"Larrabee St & North Ave","1799","casual"
"Canal St & Taylor St","1795","casual"
"LaSalle St & Washington St","1789","casual"
"Wabash Ave & Washington St","1789","member"
"Wolcott (Ravenswood) Ave & Montrose Ave","1778","casual"
"State St & 35th St","1764","member"
"Western Ave & Roscoe St","1762","member"
"Clinton St & Tilden St","1756","casual"
"Elston Ave & Wabansia Ave","1755","member"
"May St & Cullerton St","1754","member"
"Campbell Ave & Augusta Blvd","1749","member"
"Western Ave & Fillmore St","1748","member"
"Peoria St & Kinzie St","1745","member"
"LaSalle St & Adams St","1744","casual"
"Ashland Ave & Lake St","1744","casual"
"Wood St & Webster Ave","1741","member"
"State St & 19th St","1737","member"
"Lincoln Ave & Sunnyside Ave","1736","casual"
"Spaulding Ave & Armitage Ave","1732","casual"
"Western Ave & Division St","1724","casual"
"Ashland Ave & Grace St","1718","casual"
"Morgan St & 18th St","1716","casual"
"Milwaukee Ave & Fullerton Ave","1712","casual"
"Winchester Ave & Elston Ave","1706","member"
"Ashland Ave & Wellington Ave","1698","casual"
"Clark St & Columbia Ave","1697","member"
"Larrabee St & Oak St","1693","casual"
"Fort Dearborn Dr & 31st St*","1689","member"
"Clark St & Elmdale Ave","1686","member"
"Clark St & 9th St (AMLI)","1682","casual"
"Aberdeen St & Carroll Ave","1680","casual"
"Francisco Ave & Foster Ave","1673","member"
"Ashland Ave & Chicago Ave","1673","casual"
"Ashland Ave & Grand Ave","1668","casual"
"Damen Ave & Wicker Park Ave","1660","casual"
"Paulina St & Flournoy St","1654","casual"
"Laflin St & Cullerton St","1652","member"
"Ashland Ave & Wrightwood Ave","1652","casual"
"Damen Ave & Lake St","1649","casual"
"Milwaukee Ave & Rockwell St","1647","casual"
"Halsted St & Roosevelt Rd","1643","casual"
"Ashland Ave & Belle Plaine Ave","1641","member"
"Wells St & Washington St","1638","member"
"California Ave & Fletcher St","1626","member"
"Leavitt St & Armitage Ave","1618","casual"
"Wood St & Chicago Ave","1615","casual"
"Richmond St & Diversey Ave","1611","member"
"Oakley Ave & Irving Park Rd","1606","member"
"Avers Ave & Belmont Ave","1601","member"
"Lincoln Ave & Winona St","1594","member"
"Southport Ave & Clybourn Ave","1587","casual"
"Damen Ave & Wellington Ave","1586","casual"
"Damen Ave & Madison St","1577","member"
"Chicago Ave & Washington St","1573","member"
"Wabash Ave & Cermak Rd","1554","member"
"Halsted St & Archer Ave","1553","member"
"Wood St & Augusta Blvd","1539","casual"
"California Ave & Byron St","1537","member"
"Indiana Ave & 26th St","1534","member"
"Ellis Ave & 53rd St","1531","casual"
"Sheridan Rd & Lawrence Ave","1524","casual"
"Lincoln Ave & Belle Plaine Ave","1522","casual"
"Malcolm X College","1521","member"
"Halsted St & 18th St","1506","casual"
"Leavitt St & North Ave","1504","casual"
"California Ave & Francis Pl","1504","casual"
"Damen Ave & Grand Ave","1504","casual"
"Campbell Ave & North Ave","1501","casual"
"Throop St & Taylor St","1495","casual"
"Seeley Ave & Roscoe St","1492","casual"
"Wilton Ave & Diversey Pkwy*","1490","casual"
"Orleans St & Elm St","1490","casual"
"Wabash Ave & Cermak Rd","1487","casual"
"Troy St & Elston Ave","1486","member"
"Broadway & Oakdale Ave","1480","casual"
"LaSalle St & Jackson Blvd Corral","1478","member"
"LaSalle St & Calhoun Pl ","1474","member"
"Halsted St & 21st St","1469","member"
"Paulina St & 18th St","1466","casual"
"Blue Island Ave & 18th St","1461","casual"
"Ashland Ave & Augusta Blvd","1459","casual"
"Milwaukee Ave & Wabansia Ave","1457","member"
"Albany Ave & Bloomingdale Ave","1456","casual"
"Leavitt St & Chicago Ave","1455","casual"
"Broadway & Ridge Ave","1453","casual"
"Cherry Ave & Blackhawk St","1450","member"
"MLK Jr Dr & 29th St","1446","casual"
"Claremont Ave & Hirsch St","1445","member"
"Noble St & Ohio St","1444","member"
"Kimball Ave & Belmont Ave","1440","casual"
"Franklin St & Adams St Corral","1437","member"
"Hampden Ct & Diversey Ave","1436","member"
"Western Ave & Leland Ave","1430","casual"
"Artesian Ave & Hubbard St","1430","casual"
"Leavitt St & Addison St","1429","member"
"Sedgwick St & Schiller St","1429","casual"
"Damen Ave & Cullerton St","1428","member"
"Hampden Ct & Diversey Pkwy","1420","casual"
"Leavitt St & Belmont Ave","1416","casual"
"Lincoln Ave & Byron St","1405","casual"
"California Ave & North Ave","1403","casual"
"Kedzie Ave & Palmer Ct","1401","casual"
"Monticello Ave & Irving Park Rd","1393","member"
"N Green St & W Lake St","1390","casual"
"Sheridan Rd & Loyola Ave","1390","casual"
"Ellis Ave & 58th St","1380","casual"
"Leavitt St/North Ave","1374","member"
"Green St & Lake St ","1373","casual"
"Stave St & Armitage Ave","1371","casual"
"Southport Ave & Clark St","1371","casual"
"Franklin St & Adams St (Temp)","1366","member"
"Ravenswood Ave & Irving Park Rd","1363","casual"
"University Ave & 59th St","1360","casual"
"Wells St & Madison St","1351","member"
"Clark St & Arlington Pl","1347","casual"
"Sheridan Rd & Greenleaf Ave","1341","member"
"Hoyne Ave & Balmoral Ave","1339","member"
"Albany Ave & Montrose Ave","1336","member"
"Clybourn Ave & Division St","1327","casual"
"Larrabee St & Kingsbury St 1","1327","member"
"Halsted St & 35th St","1324","member"
"Campbell Ave & Fullerton Ave","1322","member"
"Greenwood Ave & 47th St","1318","member"
"Kosciuszko Park","1316","member"
"Leavitt St & Division St","1308","casual"
"Larrabee St & Menomonee St","1303","casual"
"Hudson Ave & Armitage Ave","1300","member"
"Lake Park Ave & 35th St","1298","member"
"Wolcott Ave & Polk St","1297","casual"
"California Ave & Division St","1281","casual"
"Loomis St & Jackson Blvd","1276","casual"
"Lincoln Ave & Dickens Ave","1275","member"
"Smith Park","1272","member"
"University Library (NU)","1271","member"
"W Armitage Ave & N Sheffield Ave","1271","casual"
"Winchester (Ravenswood) Ave & Balmoral Ave","1269","member"
"Racine Ave & Washington Blvd","1267","casual"
"Clark St & Lunt Ave","1267","casual"
"Ogden Ave & Roosevelt Rd","1264","member"
"Emerald Ave & 28th St","1260","member"
"N Southport Ave & W Newport Ave","1255","member"
"Indiana Ave & 31st St","1249","member"
"Racine Ave & Randolph St","1247","casual"
"Paulina St & Montrose Ave","1241","casual"
"Logan Blvd & Elston Ave","1233","casual"
"Paulina St & Division St","1230","member"
"Blackstone Ave & Hyde Park Blvd","1227","casual"
"Paulina St & Howard St","1222","member"
"Clark St & Eddy St ","1222","member"
"Lake Park Ave & 47th St","1220","member"
"Damen Ave & Madison St","1219","casual"
"Lincoln Ave & Addison St","1217","casual"
"Green St & Chicago Ave","1209","member"
"California Ave & Fletcher St","1204","casual"
"Chicago Ave & Washington St","1200","casual"
"Shields Ave & 28th Pl","1199","member"
"Franklin St & Washington St","1198","casual"
"Central Park Ave & Bloomingdale Ave","1197","member"
"Damen Ave & Melrose Ave","1190","casual"
"Racine Ave & Congress Pkwy","1189","casual"
"Drake Ave & Addison St","1187","member"
"Milwaukee Ave & Ainslie St","1185","member"
"Wells St & 19th St","1183","casual"
"Spaulding Ave & Division St","1182","member"
"Lincoln Ave & Waveland Ave","1180","casual"
"Wentworth Ave & 33rd St","1174","member"
"Damen Ave & Sunnyside Ave","1169","casual"
"Leavitt St & Lawrence Ave","1160","casual"
"Kedzie Ave & Leland Ave","1157","member"
"Halsted St & Belden St","1150","member"
"Halsted St & Armitage Ave","1146","member"
"Greenview Ave & Jarvis Ave","1137","casual"
"Western Ave & Congress Pkwy","1126","member"
"Glenwood Ave & Morse Ave","1123","casual"
"Damen Ave & Clybourn Ave","1119","casual"
"State St & 33rd St","1115","casual"
"Troy St & North Ave","1113","member"
"Sangamon St & Adams St","1112","member"
"University Library (NU)","1109","casual"
"Western Ave & Lunt Ave","1109","member"
"Christiana Ave & Lawrence Ave","1108","member"
"W Washington Blvd & N Peoria St","1107","member"
"Wentworth Ave & 35th St","1106","member"
"Francisco Ave & Chicago Ave","1099","member"
"Fulton Market","1093","casual"
"Leavitt St & Addison St","1092","casual"
"Richmond St & Diversey Ave","1084","casual"
"Morgan Ave & 14th Pl","1072","casual"
"Morgan St & Hubbard St","1070","member"
"Wabash Ave & Washington St","1068","casual"
"Halsted St & Archer Ave","1068","casual"
"Talman Ave & Addison St","1067","casual"
"Wells St & Randolph St Corral","1066","member"
"Drexel Ave & 60th St","1051","casual"
"St. Louis Ave & Fullerton Ave","1046","casual"
"Fort Dearborn Dr & 31st St","1040","casual"
"Morgan St & 31st St","1038","casual"
"Central Park Ave & Elbridge Ave","1035","casual"
"Glenwood Ave & Touhy Ave","1034","member"
"Lake Park Ave & 35th St","1020","casual"
"Lincoln Ave & Montana St","1007","member"
"Streeter Dr/Grand Ave","1005","member"
"California Ave & Altgeld St","1003","casual"
"Clinton St & 18th St","1001","casual"
"Clark St & Schreiber Ave","1001","casual"
"Eastlake Ter & Howard St","999","member"
"Manor Ave & Leland Ave","993","member"
"Peterson/Ridge Metra","993","casual"
"Ravenswood Ave & Berteau Ave","989","casual"
"Sawyer Ave & Irving Park Rd","987","member"
"Rockwell St & Fletcher St","985","member"
"Wood St & Hubbard St","984","casual"
"N Paulina St & Lincoln Ave","983","member"
"Western Ave & Granville Ave","981","member"
"Ashland Ave & Belle Plaine Ave","980","casual"
"Campbell Ave & Fullerton Ave","970","casual"
"Hermitage Ave & Polk St","968","casual"
"State St & 19th St","961","casual"
"Laflin St & Cullerton St","956","casual"
"Canal St & Harrison St","956","casual"
"California Ave & Montrose Ave","955","casual"
"Elston Ave & Wabansia Ave","949","casual"
"Elston Ave & George St","944","member"
"St Clair St & Ohio St","943","member"
"Racine Ave & 15th St","940","casual"
"Dorchester Ave & 49th St","938","member"
"Halsted St & 35th St","938","casual"
"Kosciuszko Park","935","casual"
"Damen Ave & Wabansia Ave","925","casual"
"Winchester Ave & Elston Ave","924","casual"
"California Ave & Granville Ave","923","member"
"Wacker Dr & Randolph St","916","member"
"Avers Ave & Belmont Ave","913","casual"
"Wabansia & Milwaukee","913","member"
"Damen Ave & Cullerton St","913","casual"
"Wentworth Ave & 35th St","911","casual"
"Indiana Ave & 26th St","904","casual"
"Clark St & Jarvis Ave","901","member"
"Western Ave & Berteau Ave","898","member"
"Wentworth Ave & 24th St","894","casual"
"Clark St & Elmdale Ave","892","casual"
"Calumet Ave & 35th St","888","member"
"Avondale Ave & Irving Park Rd","881","casual"
"Central Park Ave & Bloomingdale Ave","879","casual"
"Ogden Ave & Congress Pkwy","878","casual"
"Dearborn St & Division St","875","casual"
"Emerald Ave & 31st St","872","casual"
"Sheridan Rd & Columbia Ave","871","casual"
"Dearborn St & Maple St","866","casual"
"Evanston Civic Center","864","casual"
"Campbell Ave & Montrose Ave","864","casual"
"Clark St & Eddy St ","859","casual"
"Dearborn St & Adams St Corral","859","member"
"Kedzie Ave & George St","857","member"
"Racine Ave & Broadway","854","member"
"Paulina St & Howard St","853","casual"
"Halsted St & North Branch St","853","member"
"Wood St & Taylor St (Temp)","852","casual"
"Wells St & Washington St","851","casual"
"The Salt Shed","850","member"
"Western Ave & Grace St","849","member"
"Halsted St & 21st St","849","casual"
"Western Ave & Roscoe St","847","casual"
"Racine Ave & 13th St","839","member"
"63rd St Beach","822","casual"
"Wood St & Beach Ave","816","casual"
"Calumet Ave & 33rd St","813","casual"
"Keystone Ave & Fullerton Ave","811","member"
"Wallace St & 35th St","809","member"
"The Salt Shed","807","casual"
"Carpenter St & Fulton St","805","member"
"Troy St & North Ave","803","casual"
"N Southport Ave & W Newport Ave","797","casual"
"Campbell Ave & Augusta Blvd","793","casual"
"Larrabee St & Clybourn Ave","793","member"
"Monticello Ave & Lawrence Ave","792","member"
"Hoyne Ave & Balmoral Ave","791","casual"
"Drake Ave & Montrose Ave","790","member"
"Larrabee St & Kingsbury St 2","784","member"
"Halsted St & Belden St","784","casual"
"Halsted St & Lake St","782","member"
"Peoria St & Kinzie St","776","casual"
"Woodlawn Ave & Lake Park Ave","775","member"
"LaSalle St & Calhoun Pl Corral","774","member"
"State St & 35th St","774","casual"
"Western Ave & Monroe St","770","member"
"Warren Park West","768","member"
"Claremont Ave & Hirsch St","766","casual"
"Milwaukee Ave & Armitage Ave","765","member"
"St. Louis Ave & Balmoral Ave","753","member"
"N Carpenter St & W Lake St","752","casual"
"Rockwell St & Eastwood Ave","752","casual"
"Lincoln Ave & Dickens Ave","748","casual"
"Spaulding Ave & Division St","747","casual"
"California Ave & Byron St","747","casual"
"Western Ave & 21st St","747","member"
"Wood St & Webster Ave","743","casual"
"Sheridan Rd & Greenleaf Ave","739","casual"
"LaSalle St & Adams St Corral","735","member"
"Hudson Ave & Armitage Ave","733","casual"
"Wells St & Madison St","728","casual"
"Halsted St & North Branch St","722","casual"
"Sheffield/Newport Corral","720","casual"
"Shields Ave & 31st St","713","casual"
"Wentworth Ave & 24th St","712","member"
"N Damen Ave & W Chicago Ave","712","member"
"Keystone Ave & Montrose Ave","710","member"
"South Shore Dr & 71st St","709","member"
"MLK Jr Dr & Pershing Rd","706","member"
"Christiana Ave & Lawrence Ave","706","casual"
"Rockwell St & Fletcher St","706","casual"
"Lake Park Ave & 47th St","702","casual"
"Hampden Ct & Diversey Ave","696","casual"
"Evanston Civic Center","695","member"
"Prairie Ave & Garfield Blvd","694","member"
"Wentworth Ave & 33rd St","689","casual"
"Kedzie Ave & Leland Ave","687","casual"
"Normal Ave & Archer Ave","683","member"
"Albany Ave & Montrose Ave","681","casual"
"Western Ave & Howard St","681","member"
"Ashland Ave & 13th St","678","casual"
"Ridge Blvd & Touhy Ave","676","member"
"McCormick Blvd & Devon Ave","676","member"
"Eddy/Seminary Corral","674","casual"
"Francisco Ave & Chicago Ave","670","casual"
"Bernard St & Elston Ave","669","member"
"Broadway & Roscoe Ave","668","member"
"Rush St & Illinois St","662","member"
"Francisco Ave & Montrose Ave","658","member"
"Indiana Ave & 31st St","657","casual"
"Glenwood Ave & Touhy Ave","647","casual"
"Central St Metra","646","casual"
"Washtenaw Ave & Lawrence Ave","644","casual"
"Kedzie Ave & Bryn Mawr Ave","643","member"
"Sheffield/Newport Corral","643","member"
"Leavitt St & Augusta Blvd","633","member"
"Noble St & Ohio St","630","casual"
"Kedzie Ave & Foster Ave","627","member"
"Loomis St & Archer Ave","627","member"
"Western Ave & Congress Pkwy","623","casual"
"Clark St & Columbia Ave","621","casual"
"Central Park Ave & North Ave","620","member"
"Elmwood Ave & Austin St","618","member"
"Archer Ave & Wentworth Ave","617","casual"
"Karlov Ave & Armitage Ave","614","member"
"Kedzie Ave & Armitage Ave","612","member"
"Harper Ave & 59th St","612","casual"
"May St & Cullerton St","606","casual"
"Morgan St & Hubbard St","603","casual"
"Eastlake Ter & Howard St","603","casual"
"Ashland Ave & Archer Ave","602","member"
"Clark St & Fletcher St","601","member"
"Troy St & Elston Ave","601","casual"
"Bosworth Ave & Howard St","597","member"
"Monticello Ave & Irving Park Rd","596","casual"
"Drake Ave & Addison St","595","casual"
"Damen Ave & St Paul Ave","594","member"
"Cottage Grove Ave & 63rd St","590","member"
"Lincoln Ave & Winona St","588","casual"
"Warren Park East","584","member"
"Winchester (Ravenswood) Ave & Balmoral Ave","584","casual"
"Milwaukee Ave & Ainslie St","584","casual"
"Wells St & 19th St","583","member"
"2112 W Peterson Ave","582","member"
"Oakley Ave & Irving Park Rd","580","casual"
"Broadway & Sunnyside Ave","578","casual"
"Smith Park","577","casual"
"Woodlawn Ave & Lake Park Ave","571","casual"
"Lincoln Ave & Montana St","569","casual"
"Fort Dearborn Dr & 31st St","568","member"
"Wacker Dr & Washington St Corral","565","casual"
"Central St Metra","565","member"
"Archer Ave & Wentworth Ave","563","member"
"Rhodes Ave & 32nd St","563","casual"
"Clark St & Touhy Ave","562","member"
"Knox Ave & Montrose Ave","562","member"
"Clinton St & Polk St","559","member"
"Francisco Ave & Bloomingdale Ave","554","member"
"Maplewood Ave & Peterson Ave","551","member"
"Francisco Ave & Foster Ave","549","casual"
"Western Ave & Grace St","548","casual"
"Kedzie Ave & 48th Pl","545","casual"
"Cottage Grove Ave & Oakwood Blvd","545","casual"
"Halsted St & Armitage Ave","544","casual"
"Ridge Blvd & Howard St","544","member"
"Seminary Ave & Belden Ave","543","member"
"Leavitt St & Archer Ave","539","member"
"Wabansia & Milwaukee","538","casual"
"Paulina St & Cortland St","538","member"
"Kingsbury St & Kinzie St 1","538","member"
"Central Park Ave & North Ave","537","casual"
"LaSalle St & Washington St Corral N","535","member"
"St Clair St & Ohio St","535","casual"
"Drake Ave & Montrose Ave","532","casual"
"California Ave & 21st St","532","member"
"Green St & Chicago Ave","530","casual"
"Prairie Ave & Garfield Blvd","530","casual"
"Troy St & Grace St","529","member"
"South Shore Dr & 67th St","525","member"
"Lincoln Ave & Balmoral Ave","525","member"
"Clinton St & Polk St","525","casual"
"California Ave & Lake St","517","member"
"Leavitt St & Archer Ave","517","casual"
"Malcolm X College","516","casual"
"Waveland/Racine Corral","515","casual"
"Kedzie Ave & George St","514","casual"
"Leavitt St/North Ave","514","casual"
"Rush St & Illinois St","513","casual"
"Addison/Racine Corral","508","casual"
"South Shore Dr & 71st St","508","casual"
"Dorchester Ave & 63rd St","497","member"
"Kenneth Ave & Lawrence Ave","496","member"
"Whipple/Irving Park","489","member"
"Elston Ave & George St","489","casual"
"Calumet Ave & 35th St","484","casual"
"Kilbourn Ave & Belden Ave","484","member"
"Lincoln Ave & Peterson Ave","481","member"
"Clark/Newport Corral","481","casual"
"Eddy/Seminary Corral","475","member"
"Francisco Ave & Bloomingdale Ave","474","casual"
"Burling St & Armitage Ave","472","member"
"MLK Jr Dr & Pershing Rd","470","casual"
"Central St & Girard Ave","469","casual"
"Wallace St & 35th St","465","casual"
"Cottage Grove Ave & 51st St","465","member"
"Cherry Ave & Blackhawk St","464","casual"
"Elston Ave & Henderson St","461","member"
"Elmwood Ave & Austin St","460","casual"
"Clark St & Jarvis Ave","459","casual"
"N Shore Channel Trail & Argyle St","455","member"
"Dearborn St & Madison St","455","member"
"Valli Produce - Evanston Plaza","454","member"
"Michigan Ave & 11th St","454","member"
"Central St & Girard Ave","453","member"
"Wood St & 35th St","453","member"
"Halsted St & Lake St","451","casual"
"Ping Tom Park (East)","448","member"
"LaSalle St & Calhoun Pl ","446","casual"
"Western Ave & Wabansia Ave","443","member"
"Kedzie Ave & Chicago Ave","442","member"
"Sheffield Ave & Fletcher St","442","member"
"South Shore Dr & 67th St","438","casual"
"Waveland/Racine Corral","437","member"
"Western Ave & 24th St","437","member"
"Malden St & Wilson Ave","434","member"
"Milwaukee Ave & Wabansia Ave","431","casual"
"Kostner Ave & Wrightwood Ave","431","member"
"Western Ave & Monroe St","429","casual"
"Greenwood Ave & 47th St","426","casual"
"Broadway & Cuyler Ave","425","member"
"LaSalle St & Washington St Corral","423","member"
"Dodge Ave & Church St","421","member"
"N Paulina St & Lincoln Ave","421","casual"
"Budlong Woods Library","420","member"
"Clark/Eddy","420","casual"
"Emerald Ave & 28th St","420","casual"
"Franklin St & Adams St Corral","419","casual"
"Shields Ave & 28th Pl","418","casual"
"Oakley Ave & Touhy Ave","416","member"
"Knox Ave & Montrose Ave","415","casual"
"Ashland Ave & Archer Ave","414","casual"
"DuSable Museum","411","member"
"Albany Ave & Belmont Ave","411","member"
"Kilbourn Ave & Irving Park Rd","411","member"
"Francisco Ave & Montrose Ave","410","casual"
"Cottage Grove Ave & 47th St","408","member"
"Racine Ave & 35th St","405","member"
"Kedzie Ave & 21st St","405","member"
"Sacramento Blvd & Addison St","402","member"
"Wells St & Randolph St Corral","401","casual"
"Racine Ave & 35th St","400","casual"
"Leavitt St & Hirsch St","399","member"
"Manor Ave & Leland Ave","397","casual"
"Dodge Ave & Main St","396","member"
"Addison/Racine Corral","393","member"
"Western Ave & 21st St","391","casual"
"Burling St & Armitage Ave","389","casual"
"Archer & Wentworth","388","casual"
"63rd St Beach","387","member"
"Clark/Newport Corral","387","member"
"Kedzie Ave & Foster Ave","383","casual"
"Pine Grove Ave & Wellington Ave","379","member"
"Wacker Dr & Randolph St","377","casual"
"Milwaukee Ave & Armitage Ave","375","casual"
"W Washington Blvd & N Peoria St","373","casual"
"Racine Ave & Webster Ave","372","member"
"Pulaski Rd & 51st St","372","casual"
"Western Ave & Gunnison St","369","member"
"Wolcott Ave & Fargo Ave","366","member"
"Western Ave & Fillmore St","364","casual"
"Western Ave & Howard St","363","casual"
"Midway Orange Line","363","casual"
"Paulina St & Division St","361","casual"
"Elston Ave & Henderson St","356","casual"
"Clark/Racine Corral","354","casual"
"Public Rack - Woodlawn Ave & 63rd St N","353","member"
"Franklin St & Madison St","353","member"
"Bernard St & Elston Ave","352","casual"
"Sawyer Ave & Irving Park Rd","351","casual"
"Harper Ave & 55th St","351","member"
"Clark/Eddy","351","member"
"Damen Ave/Coulter St","350","member"
"Cottage Grove Ave & Oakwood Blvd","349","member"
"Public Rack - Hyde Park Blvd & 55th St","348","member"
"California Ave & 23rd Pl","347","member"
"Racine/Eddy Corral","346","casual"
"Hastings LWS","346","member"
"Warren Park East","346","casual"
"Calumet Ave & 51st St","346","member"
"McCormick Blvd & Devon Ave","344","casual"
"Stony Island Ave & 63rd St","342","casual"
"Racine Ave & Broadway","339","casual"
"Racine Ave & 13th St","338","casual"
"Central Park Ave & Ogden Ave","338","casual"
"Sangamon St & Adams St","337","casual"
"Keystone Ave & Fullerton Ave","337","casual"
"Dearborn St & Adams St Corral","336","casual"
"Western Ave & Granville Ave","333","casual"
"Sacramento Blvd & Addison St","333","casual"
"Kedzie Ave & Lake St","331","member"
"Kildare Ave & Montrose Ave","330","member"
"Cottage Grove Ave & 43rd St","330","member"
"Western Ave & 24th St","328","casual"
"St Louis Ave & Foster Ave","328","member"
"Dodge Ave & Church St","327","casual"
"Stony Island Ave & 63rd St","327","member"
"Archer & Wentworth","327","member"
"Prairie Ave & 43rd St","327","casual"
"State St & 95th St","325","casual"
"Leavitt St & Hirsch St","325","casual"
"Halsted St & 37th St","323","member"
"Central Park Ave & Ardmore Ave","322","member"
"Lockwood Ave & Wrightwood Ave","322","member"
"Public Rack - Washtenaw Ave & Superior St","322","member"
"California Ave & Lake St","319","casual"
"Karlov Ave & Lawrence Ave","318","member"
"Larrabee St & Clybourn Ave","317","casual"
"Southport Ave & Grace St","316","member"
"Dorchester Ave & 63rd St","315","casual"
"Sedgwick St & Chicago Ave","314","member"
"Dorchester Ave & 49th St","313","casual"
"Pulaski Rd & Eddy St","312","member"
"Wood St & Cortland St","309","member"
"Western Ave & Lake St","308","member"
"Grace/Sheffield Corral","308","member"
"Racine/Eddy Corral","305","member"
"Campbell Ave & Irving Park Rd","305","casual"
"Springfield Ave & North Ave","304","member"
"Public Rack - Kedzie Ave & Argyle St","304","member"
"Kingsbury St & Kinzie St 2","303","member"
"Jeffery Blvd & 71st St","302","member"
"North Boundary Park","302","member"
"Kildare Ave & Montrose Ave","300","casual"
"Seminary Ave & Belden Ave","300","casual"
"Ridge Blvd & Touhy Ave","299","casual"
"Addison Red Line","298","casual"
"Valli Produce - Evanston Plaza","298","casual"
"Loomis St & Archer Ave","298","casual"
"LaSalle St & Jackson Blvd Corral","297","casual"
"MLK Jr Dr & 47th St","297","casual"
"Milwaukee Ave & Agatite Ave","296","member"
"Kedzie Ave & 57th St","295","casual"
"Sheridan Rd & Berwyn Ave","294","member"
"Conservatory Dr & Lake St","294","casual"
"Hoyne Ave & 47th St","294","member"
"Jeffery Blvd & 67th St","293","casual"
"Kedzie Ave & 48th Pl","292","member"
"Wabash Ave & Jackson Blvd","292","member"
"Milwaukee Ave & Cuyler Ave","292","member"
"Pulaski Rd & Eddy St","291","casual"
"MLK Jr Dr & 47th St","291","member"
"Campbell Ave & Irving Park Rd","291","member"
"Clark/Newport","291","casual"
"Carpenter St & Fulton St","289","casual"
"Michigan Ave & 11th St","289","casual"
"Cottage Grove Ave & 51st St","287","casual"
"Lock St & 31st St","286","member"
"Sacramento Ave & Lyndale St","286","member"
"California Ave & Winona St","286","member"
"Cottage Grove Ave & 67th St","285","member"
"Addison/Sheffield SW Corral","285","casual"
"State St & 29th St","284","member"
"Public Rack - Milwaukee Ave & Diversey Ave","284","member"
"Calumet Ave & 51st St","284","casual"
"Washtenaw Ave & Ogden Ave","283","member"
"Lavergne Ave & Lawrence Ave","283","member"
"Racine Ave & Webster Ave","283","casual"
"Addison/Wilton Corral","281","casual"
"Narragansett Ave & Wrightwood Ave","281","casual"
"Dodge Ave & Main St","281","casual"
"Dodge Ave & Mulford St","280","member"
"Kedzie Ave & Armitage Ave","280","casual"
"Lincolnwood Dr & Central St","279","casual"
"Cottage Grove Ave & 63rd St","279","casual"
"Warren Park West","279","casual"
"Dorchester Ave & 53rd St","278","member"
"Clark St & Touhy Ave","278","casual"
"Rockwell Ave & Logan Blvd","278","member"
"Western Ave & Lunt Ave","278","casual"
"Franklin St & Adams St (Temp)","276","casual"
"Halsted St & Melrose St","276","member"
"Pulaski Rd & 51st St","276","member"
"Rockwell St & Archer Ave","276","casual"
"Laramie Ave & Irving Park Rd","274","casual"
"Troy St & Grace St","274","casual"
"University Ave & 65th St","273","member"
"Rockwell St & Cermak Rd","271","member"
"Sacramento Blvd & Fulton Ave","271","member"
"Halsted St & 37th St","271","casual"
"Portage Park","270","casual"
"Ogden Ave & Roosevelt Rd","269","casual"
"Cottage Grove Ave & 43rd St","268","casual"
"Western Ave & Lyndale St","268","member"
"May St & Hubbard St","267","member"
"Edgebrook Metra","267","member"
"Albany Ave & Belmont Ave","266","casual"
"Stony Island Ave & 71st St","265","member"
"Jeffery Blvd & 67th St","264","member"
"Public Rack - Hamlin Ave & Montrose Ave","263","member"
"Milwaukee Ave & Cuyler Ave","261","casual"
"Central Park Ave & Ogden Ave","259","member"
"Damen Ave & Ohio St","258","member"
"Kilbourn Ave & Diversey Ave","257","member"
"Western Blvd & 48th Pl","257","casual"
"Broadway & Roscoe Ave","255","casual"
"Ping Tom Park (East)","255","casual"
"Rockwell St & Archer Ave","254","member"
"Sheffield/Cornelia Corral","253","member"
"Keystone Ave & Montrose Ave","253","casual"
"Fairfield Ave & 44th St","253","casual"
"Whipple/Irving Park","253","casual"
"California Ave & 21st St","249","casual"
"Leavitt St & Augusta Blvd","247","casual"
"Western Ave & Wabansia Ave","247","casual"
"Kenosha Ave & Wellington Ave","247","member"
"Kedzie Ave & Lake St","247","casual"
"Western Ave & Berteau Ave","246","casual"
"Monticello Ave & Lawrence Ave","246","casual"
"Lockwood Ave & Grand Ave","245","member"
"Hoyne Ave & 47th St","245","casual"
"Clark/Racine Corral","245","member"
"Kedzie Ave & 21st St","244","casual"
"South Shore Dr & 74th St","243","casual"
"Virginia Ave & Catalpa Ave","241","member"
"Public Rack - Christiana Ave & Belmont Ave","241","member"
"Kilbourn Ave & Roscoe St","239","member"
"Damen Ave/Coulter St","239","casual"
"Prairie Ave & 43rd St","239","member"
"Kilbourn Ave & Milwaukee Ave","238","casual"
"Sheffield/Cornelia Corral","238","casual"
"Cicero Ave & Wrightwood Ave","238","member"
"Kedzie Ave & Bryn Mawr Ave","238","casual"
"Ashland Ave & Pershing Rd","236","member"
"Archer (Damen) Ave & 37th St","232","member"
"LaSalle St & Adams St Corral","228","casual"
"Larrabee St & Kingsbury St 1","228","casual"
"Kilpatrick Ave & Grand Ave","227","member"
"Midway Orange Line","225","member"
"Public Rack - Washtenaw Ave & Superior St","225","casual"
"Ridge Blvd & Howard St","225","casual"
"Western Ave & Ardmore Ave","225","member"
"University Ave & 65th St","225","casual"
"Normal Ave & Archer Ave","221","casual"
"Springfield Ave & North Ave","221","casual"
"Lowell Ave & Armitage Ave","220","member"
"N Damen Ave & W Chicago Ave","220","casual"
"Kedzie Ave & 57th St","218","member"
"Addison Red Line","217","member"
"Paulina St & Cortland St","217","casual"
"Wallace St & 28th St","216","member"
"Lincolnwood Dr & Central St","216","member"
"Central Park & Augusta Blvd","215","member"
"Damen Ave & St Paul Ave","215","casual"
"Austin Blvd & Lake St","214","casual"
"Conservatory Dr & Lake St","214","member"
"Public Rack - Spaulding Ave & Evergreen Ave","214","member"
"Paulina St & Adams St","214","member"
"Washtenaw Ave & Ogden Ave","213","casual"
"North Boundary Park","210","casual"
"2112 W Peterson Ave","210","casual"
"Linder Ave & Montrose Ave","210","member"
"Hyacinth Ave & Milwaukee Ave","210","member"
"South Shore Dr & 74th St","208","member"
"Western Blvd & 48th Pl","208","member"
"Kedzie Ave & Chicago Ave","208","casual"
"Wallace St & Pershing Rd","208","member"
"Princeton Ave & 47th St","208","member"
"Oakley Ave & Touhy Ave","208","casual"
"LaSalle St & Calhoun Pl Corral","206","casual"
"Budlong Woods Library","205","casual"
"Kenwood Ave & 57th St","205","member"
"Karlov Ave & Armitage Ave","205","casual"
"Keeler Ave & Carmen Ave","205","member"
"Kildare Ave & North Ave","204","member"
"Addison/Sheffield SE Corral","203","casual"
"Addison/Wilton Corral","202","member"
"Fairfield Ave & Pratt Blvd","200","casual"
"California Ave & Granville Ave","200","casual"
"Public Rack - Drake Ave & Leland Ave","199","member"
"Lincoln Ave & Balmoral Ave","199","casual"
"Walden Pkwy & 100th St","197","casual"
"DuSable Museum","196","casual"
"Lavergne Ave & Fullerton Ave","196","member"
"Clark/Newport","196","member"
"Dan Ryan Woods & 83rd St","195","casual"
"Daley Center Plaza Corral","194","member"
"Big Marsh Park","193","casual"
"Shabbona Park","192","casual"
"Sacramento Blvd & Franklin Blvd","192","member"
"Public Rack - Jensen Park","190","member"
"Kostner Ave & Bryn Mawr Ave","189","casual"
"Public Rack - Milwaukee Ave & Haussen Ct","189","member"
"Melvina Ave & Giddings Ave","189","member"
"Lowell Ave & Armitage Ave","189","casual"
"Public Rack - Hyde Park Blvd & 53rd St","188","member"
"Clark St & Fletcher St","188","casual"
"Franklin St & Monroe St Corral","187","member"
"Paulina St & Adams St","187","casual"
"Princeton Ave & 47th St","187","casual"
"Marshfield Ave & Diversey Pkwy","187","member"
"Maplewood Ave & Peterson Ave","187","casual"
"Stony Island Ave & 75th St","186","member"
"St. Louis Ave & Balmoral Ave","186","casual"
"Laramie Ave & Addison St","186","casual"
"Public Rack - Washtenaw Ave & Devon Ave","185","member"
"Public Rack - Rockwell & Division","184","member"
"Komensky Ave & 31st St","183","member"
"Karlov Ave & Lawrence Ave","183","casual"
"Menard Ave & Lawrence Ave","182","member"
"California & 16th St","182","member"
"Kilbourn Ave & Milwaukee Ave","182","member"
"Western Ave & Lake St","182","casual"
"Cottage Grove Ave & 67th St","181","casual"
"Grace/Sheffield Corral","180","casual"
"Bernard St & Peterson Ave","180","member"
"Washtenaw Ave & Peterson Ave","179","member"
"N Shore Channel Trail & Argyle St","178","casual"
"Damen Ave & Evergreen Ave","178","member"
"California Ave & 41st St","177","casual"
"Addison/Sheffield SW Corral","177","member"
"Kilbourn Ave & Irving Park Rd","176","casual"
"Kostner Ave & Belmont Ave","176","member"
"Richmond St & Lincoln Ave","176","member"
"Sheffield Ave & Fullerton Ave*","176","member"
"State St & 29th St","175","casual"
"Cumberland Ave & Catherine Ave","175","casual"
"Central Ave & Chicago Ave","174","member"
"Lincoln Ave & Peterson Ave","174","casual"
"Grace St & Cicero Ave","174","casual"
"Fairfield Ave & Pratt Blvd","173","member"
"Franklin St & Madison St","172","casual"
"LaSalle St & Washington St Corral N","171","casual"
"Halsted St & 51st St","171","member"
"Wood St & 33rd St","170","casual"
"Fairfield Ave & Roosevelt Rd","169","member"
"Farragut Ave & Central Ave","169","member"
"Oak Park & Wellington","168","member"
"Indiana Ave & 40th St","167","member"
"Dodge Ave & Mulford St","167","casual"
"Long Ave & Belmont Ave","167","casual"
"Public Rack - Western Ave & Devon Ave","165","member"
"Elston Ave & Carmen Ave","164","member"
"Princeton Ave & Garfield Blvd","164","member"
"Western Ave & Ardmore Ave","163","casual"
"Austin Blvd & Lake St","163","member"
"Perry Ave & 69th St","163","casual"
"Keeler Ave & Carmen Ave","163","casual"
"Halsted St & 96th St","163","member"
"Halsted St & 47th Pl","162","member"
"Wood St & Walnut St","161","member"
"Broadway & Cuyler Ave","161","casual"
"Parnell Ave & 31st St","161","casual"
"Ashland Ave & Pershing Rd","160","casual"
"Marmora Ave & Irving Park Rd","159","casual"
"Sacramento Ave & Lunt Ave","159","member"
"Public Rack - Monticello Ave & Belmont Ave","159","member"
"Lamon Ave & Belmont Ave","158","member"
"Western Ave & 43rd St","158","member"
"St Louis Ave & Foster Ave","158","casual"
"Central Park Blvd & 5th Ave","158","member"
"Meade Ave & Fullerton Ave","157","casual"
"Long & Irving Park","156","casual"
"Wolcott Ave & Fargo Ave","155","casual"
"Sheffield Ave & Fletcher St","155","casual"
"Stony Island Ave & 67th St","155","casual"
"Wood St & 35th St","154","casual"
"Kostner Ave & Bryn Mawr Ave","154","member"
"Public Rack - Jonathan Y Scammon Public School","153","member"
"Central Ave & Altgeld St","153","member"
"Fairfield Ave & Roosevelt Rd","152","casual"
"Parnell Ave & 31st St","151","member"
"Bosworth Ave & Howard St","151","casual"
"Long & Irving Park","150","member"
"St Louis Ave & 59th St","150","member"
"Addison/Racine","150","casual"
"Public Rack - California Ave & Cortez St","150","member"
"California Ave & 23rd Pl","149","casual"
"Washtenaw Ave & Polk St","149","casual"
"Western Ave & Lyndale St","149","casual"
"St. Clair St & Erie St 2","149","member"
"Franklin St & Chicago Ave*","148","member"
"California Ave & Touhy Ave","148","casual"
"Damen Ave & Pershing Rd","147","member"
"LaSalle St & Washington St Corral","147","casual"
"California Ave & Touhy Ave","147","member"
"Kenmore Ave & School St","147","member"
"Addison/Sheffield SE Corral","147","member"
"Hoyne Ave & 34th St","147","member"
"Milwaukee Ave & Highland Ave","147","member"
"Burnham Greenway & 112th St","146","casual"
"Loomis St & Lexington St*","145","member"
"Melvina Ave & Giddings Ave","144","casual"
"Cicero Ave & Roscoe Ave","143","member"
"Edgebrook Metra","143","casual"
"Kilpatrick Ave & Parker Ave","143","member"
"Kostner Ave & Belmont Ave","142","casual"
"Kilbourn Ave & Roscoe St","141","casual"
"Public Rack - Christiana Ave & Belmont Ave","141","casual"
"Eberhart Ave & 61st St","141","casual"
"Pine Grove Ave & Wellington Ave","141","casual"
"California Ave & Winona St","140","casual"
"Waveland/Racine","140","casual"
"California Ave & 26th St","139","member"
"Kildare Ave & Division St","138","member"
"Sacramento Ave & Lunt Ave","138","casual"
"Long Ave & North Ave","138","member"
"Stony Island Ave & 71st St","137","casual"
"Indiana Ave & 40th St","137","casual"
"Wallace St & 28th St","137","casual"
"Archer (Damen) Ave & 37th St","137","casual"
"Sacramento Ave & Pratt Blvd","135","casual"
"Milwaukee Ave & Agatite Ave","135","casual"
"Kostner Ave & Wrightwood Ave","135","casual"
"Long Ave & Diversey Ave","135","member"
"Mason Ave & Montrose Ave","135","member"
"Narragansett Ave & Wrightwood Ave","135","member"
"Rockwell St & Cermak Rd","134","casual"
"Sacramento Ave & Lyndale St","134","casual"
"Central Park Ave & 24th St","134","casual"
"Wallace St & Pershing Rd","134","casual"
"California Ave & Madison St","133","member"
"Steelworkers Park","133","casual"
"Chicago State University","133","casual"
"Millard Ave & 26th St","133","member"
"Dearborn St & Washington St","133","member"
"Kilbourn Ave & Diversey Ave","133","casual"
"Wood St & Cortland St","133","casual"
"Public Rack - Milwaukee Ave & Haussen Ct","133","casual"
"Stony Island Ave & 67th St","132","member"
"Public Rack - Hyde Park Blvd & 55th St","132","casual"
"Rockwell Ave & Logan Blvd","132","casual"
"Narragansett Ave & Montrose Ave","132","member"
"Damen Ave & Pershing Rd","131","casual"
"Austin Blvd & Madison St","131","member"
"Central Ave & Parker Ave","131","member"
"Stony Island Ave & 64th St","131","casual"
"Granville Ave & Clark St","129","member"
"Rockwell/Irving Park Hub","129","member"
"Larrabee St & Chicago Ave","129","member"
"Rockwell St & 57th St","129","casual"
"Public Rack - Kedvale Ave & 63rd St W","129","member"
"Public Rack - Emerald Ave & 43rd St","128","member"
"California Ave & Madison St","128","casual"
"Wood St & Walnut St","127","casual"
"Wabash Ave & 87th St","126","casual"
"Malden St & Wilson Ave","126","casual"
"Central Park Ave & 24th St","126","member"
"Stony Island Ave & 75th St","125","casual"
"NAVY PIER","125","casual"
"Public Rack - Monticello Ave & Belmont Ave","124","casual"
"Public Rack - Evans Ave & 63rd St","124","member"
"Damen Ave & 81st St","124","casual"
"Milwaukee Ave & Highland Ave","124","casual"
"Prospect Sq & 91st St","124","casual"
"Southport Ave & Waveland Ave*","123","member"
"Merrimac Park","123","member"
"Lockwood Ave & Wrightwood Ave","123","casual"
"Clark St & Washington St","123","member"
"Kostner Ave & Devon Ave","123","casual"
"Union Ave & Root St","121","casual"
"Wabash Ave & Jackson Blvd","120","casual"
"MLK Jr Dr & 56th St","120","casual"
"Grace St & Cicero Ave","119","member"
"Cottage Grove Ave & 49th St","119","member"
"Hamlin Ave & Grand Ave","118","member"
"Public Rack - Justine St & 87th St","118","member"
"Harlem Ave & Irving Park Rd","117","casual"
"Menard Ave & Lawrence Ave","117","casual"
"Linder Ave & Montrose Ave","117","casual"
"Higgins Ave & Austin Ave","117","casual"
"Stewart Ave & 123rd St","117","casual"
"Kenneth Ave & Lawrence Ave","117","casual"
"Lock St & 31st St","116","casual"
"Kostner Ave & Devon Ave","116","member"
"Pulaski Rd & Ann Lurie Pl","116","member"
"Wentworth Ave & 63rd St","115","casual"
"Avers Ave & Foster Ave","115","member"
"California Ave & 71st St","115","member"
"Lawndale Ave & 30th St","115","casual"
"Princeton Ave & Garfield Blvd","114","casual"
"Harper Ave & 55th St","114","casual"
"Damen Ave & Ohio St","114","casual"
"Albany Ave & 26th St","114","member"
"California & 16th St","114","casual"
"Halsted St & 47th Pl","114","casual"
"Hyacinth Ave & Milwaukee Ave","113","casual"
"Harding Ave & Chicago Ave","113","member"
"Kedzie Ave & 54th Pl","113","casual"
"Farragut Ave & Central Ave","113","casual"
"Public Rack - Spaulding Ave & Evergreen Ave","112","casual"
"Marshfield Ave & 44th St","112","casual"
"Albany Ave & Douglas Blvd","112","casual"
"Mozart St & Jackson Blvd","112","member"
"Ashland Ave & McDowell Ave","111","member"
"Public Rack - South Shore Dr & 71st St","111","member"
"Austin Blvd & Madison St","110","casual"
"Pershing Rd & Sacramento Ave","110","casual"
"Portage Park","110","member"
"Jeffery Blvd & 71st St","110","casual"
"Kostner Ave & 63rd St","110","casual"
"Public Rack - Jonathan Y Scammon Public School","109","casual"
"Laramie Ave & Bloomingdale Ave","109","member"
"Central Park Ave & Ardmore Ave","109","casual"
"Komensky Ave & 47th St","109","member"
"MLK Jr Dr & 63rd St","108","casual"
"Sacramento Blvd & Franklin Blvd","108","casual"
"Richmond St & 59th St","108","member"
"Morgan St & Pershing Rd","108","casual"
"Sayre Ave & Diversey Ave","107","casual"
"Ashland Ave & McDowell Ave","107","casual"
"Avers Ave & Foster Ave","107","casual"
"Central Ave & Roscoe St","106","casual"
"Mason Ave & Belmont Ave","106","casual"
"Public Rack - Kedzie Ave & Argyle St","106","casual"
"Public Rack - Keating & Peterson","106","member"
"Kedzie Ave & 52nd St","105","casual"
"Hale Ave & 107th St","105","casual"
"Narragansett Ave & McLean Ave","105","casual"
"Kilbourn Ave & Belden Ave","104","casual"
"Elston Ave & Carmen Ave","104","casual"
"State St & 54th St","104","member"
"Lamon Ave & Belmont Ave","104","casual"
"Clark/Racine","103","casual"
"Merrimac Park","103","casual"
"Cottage Grove Ave & 47th St","103","casual"
"Union Ave & Root St","102","member"
"Ashland Ave & 50th St","102","casual"
"Nordica Ave & Medill Ave","102","member"
"Marshfield Ave & Wabansia Ave","101","member"
"Leclaire Ave & Belmont Ave","101","member"
"Sacramento Blvd & Fulton Ave","101","casual"
"Wood St & 33rd St","101","member"
"Cottage Grove Ave & 83rd St","101","member"
"Francisco Ave & 47th St","100","casual"
"Pulaski Rd & Congress Pkwy","100","casual"
"Public Rack - Hollywood Park","100","member"
"Oakley Ave & Lyndale St","100","member"
"Addison/Racine","100","member"
"Public Rack - Milwaukee Ave & Diversey Ave","100","casual"
"Nordica Ave & Medill Ave","99","casual"
"Harlem Ave & Irving Park Rd","99","member"
"Marshfield Ave & 44th St","99","member"
"Sedgwick St & Chicago Ave","99","casual"
"Lynch Ave & Elston Ave","98","casual"
"Kingsbury St & Kinzie St 1","97","casual"
"Shields Ave & 43rd St","97","member"
"Lawler Ave & 50th St","96","casual"
"MLK Jr Dr & 83rd St","96","member"
"Richmond St & Lincoln Ave","96","casual"
"Wood St & Milwaukee Ave*","96","member"
"Francisco Ave & 85th St","96","casual"
"Halsted St & 51st St","96","casual"
"Mozart St & Jackson Blvd","96","casual"
"Public Rack - Langley Ave & 49th St","96","member"
"Vincennes Ave & 95th St","96","member"
"Public Rack - Western Ave & 47th Pl","96","member"
"Stony Island Ave & 64th St","96","member"
"Campbell Ave & 51st St","96","casual"
"Lockwood Ave & Grand Ave","95","casual"
"Narragansett Ave & Montrose Ave","95","casual"
"Lavergne Ave & Fullerton Ave","95","casual"
"Laramie Ave & Bloomingdale Ave","95","casual"
"Kildare Ave & North Ave","95","casual"
"Vincennes Ave & 107th St","94","casual"
"Pine Ave & Division St","93","member"
"Granville Ave & Pulaski Rd","93","member"
"Western Ave & Gunnison St","93","casual"
"Lexington St & California Ave","93","member"
"Hamlin Ave & Grand Ave","93","casual"
"May St & Hubbard St","93","casual"
"State St & 54th St","92","casual"
"Central & Elston","92","casual"
"St. Clair St & Erie St 1","92","member"
"California Ave & 41st St","92","member"
"Leclaire Ave & Belmont Ave","92","casual"
"Southport Ave & Grace St","92","casual"
"Public Rack - Spaulding Ave & North Ave","92","member"
"Waveland/Racine","92","member"
"Keeler Ave & Roosevelt Rd","92","casual"
"Narragansett Ave & North Ave","92","casual"
"Chicago State University","91","member"
"Sacramento Ave & Pratt Blvd","91","member"
"Wentworth Ave & 63rd St","91","member"
"Calumet Park","91","casual"
"Central Park Ave & Ohio St","90","member"
"St Louis Ave & Norman Bobbins Pl","89","casual"
"Kedzie Ave & Archer Ave","89","casual"
"Halsted St & 63rd St","89","member"
"Sheffield Ave & Kingsbury St*","89","member"
"Lynch Ave & Elston Ave","89","member"
"Lexington St & California Ave","89","casual"
"Kedvale Ave & Peterson Ave","88","member"
"Commercial Ave & 83rd St","88","member"
"Cicero Ave & Roscoe Ave","88","casual"
"Western Ave & 43rd St","88","casual"
"Sedgwick St & North Ave*","88","member"
"Kedzie Ave & 60th St","88","member"
"Laramie Ave & Irving Park Rd","87","member"
"Washtenaw Ave & Polk St","87","member"
"State St & 79th St","87","casual"
"Public Rack - Harold Washington Park","87","member"
"Homan Ave & 26th St","87","casual"
"Exchange Ave & 79th St","87","casual"
"Kenosha Ave & Wellington Ave","87","casual"
"Vincennes Ave & 79th St","87","member"
"Western Ave & 111th St","86","casual"
"Hoyne Ave & 34th St","86","casual"
"Public Rack - Woodlawn Ave & 63rd St N","86","casual"
"Wabash Ave & 59th St","86","casual"
"Larrabee St & Kingsbury St 2","85","casual"
"Public Rack - Pulaski Rd & 44th St","85","member"
"Central Park Ave & Ohio St","85","casual"
"Kedzie Ave & 60th St","85","casual"
"Virginia Ave & Catalpa Ave","85","casual"
"Damen Ave & Evergreen Ave","84","casual"
"Public Rack - Hamlin Ave & Fullerton Ave","84","casual"
"Public Rack - Keystone Ave & Irving Park Rd","84","member"
"State St & 95th St","84","member"
"Shore Dr & 53rd St","84","member"
"Central Ave & Lake St","84","member"
"Kedvale Ave & Peterson Ave","83","casual"
"Austin Ave & Milwaukee Ave","83","member"
"Meade Ave & Fullerton Ave","83","member"
"Public Rack - Hamlin Ave & Montrose Ave","83","casual"
"Milwaukee Ave & Wabansia Ave*","83","member"
"Sacramento Ave & 25th St","82","member"
"Homan Ave & Arthington Ave","82","casual"
"Stewart Ave & 83rd St","82","member"
"Leamington Ave & Hirsch St","82","casual"
"Kedzie Ave & Harrison St","82","member"
"Mason Ave & Montrose Ave","82","casual"
"Morgan St & Pershing Rd","82","member"
"Public Rack - Leamington & Elston","82","member"
"Western Ave & 28th St","82","casual"
"Public Rack - Woodlawn Ave & 63rd St S","81","member"
"Kostner Ave & 63rd St","81","member"
"Kedzie Ave & Roosevelt Rd","81","casual"
"California Ave & Marquette Rd","81","casual"
"Augusta Blvd & Laramie Ave","81","casual"
"Millard Ave & 26th St","80","casual"
"Central Park Ave & Washington Blvd","80","casual"
"Albany Ave & 26th St","80","casual"
"Lavergne Ave & Diversey Ave","79","member"
"Public Rack - Avers Ave & Irving Park Rd","79","member"
"Albany Ave & 16th St","79","casual"
"Ave L & 114th","79","casual"
"Western Ave & 28th St","79","member"
"Laramie Ave & Kinzie St","79","casual"
"Southport Ave & Wrightwood Ave*","79","member"
"Marmora Ave & Belmont Ave","79","casual"
"Mason Ave & Grand Ave","78","casual"
"Kedzie Ave & 24th St","78","casual"
"Lavergne Ave & Diversey Ave","78","casual"
"Ashland Ave & 50th St","78","member"
"Grace St & Central Ave","77","casual"
"Austin Ave & Milwaukee Ave","77","casual"
"Spaulding Ave & 16th St","77","casual"
"Mango Ave & North Ave","77","casual"
"Austin Blvd & Chicago Ave","77","casual"
"Vernon Ave & 75th St","77","member"
"Wabash Ave & 87th St","77","member"
"Kenmore Ave & School St","76","casual"
"Yates Blvd & 75th St","76","member"
"Kedzie Ave & Roosevelt Rd","76","member"
"Tripp Ave & 65th St","76","casual"
"MLK Jr Dr & 56th St","76","member"
"Kilpatrick Ave & Grand Ave","76","casual"
"Higgins Ave & Austin Ave","75","member"
"Harlem Ave & Bloomingdale Ave","75","member"
"Central Ave & Altgeld St","75","casual"
"Halsted St & 63rd St","75","casual"
"Central & Elston","75","member"
"Kedzie Ave & Archer Ave","74","member"
"Vernon Ave & 79th St","74","member"
"Eberhart Ave & 61st St","74","member"
"Western Ave & 101st St","74","casual"
"Halsted St & Melrose St","74","casual"
"Public Rack - Mango & Higgins","74","member"
"Public Rack - Hamlin Ave & Fullerton Ave","74","member"
"Central Ave & Lake St","73","casual"
"Public Rack - Karlov Ave & Kamerling Ave","73","member"
"Noble St & Potomac Ave","73","member"
"Pulaski Rd & 54th St","73","casual"
"State St & 79th St","73","member"
"Public Rack - California Ave & Cortez St","73","casual"
"Halsted St & Dickens Ave*","73","member"
"Marshfield Ave & Wabansia Ave","72","casual"
"Laramie Ave & Addison St","72","member"
"Dearborn St & Madison St","71","casual"
"Grace/Sheffield","71","member"
"Western Ave & 104th St","70","casual"
"Walden Pkwy & 100th St","70","member"
"Rockwell St & 47th St","70","casual"
"Perry Ave & 69th St","70","member"
"Public Rack - Lawndale Ave & Diversey Ave","70","member"
"State St & 45th St","69","member"
"Burnham Greenway & 105th St","69","casual"
"Dorchester Ave & 53rd St","69","casual"
"Kildare Ave & 47th St","69","casual"
"Wentworth Ave & Cermak Rd","68","member"
"Commercial Ave & 130th St","68","casual"
"Wentworth Ave & 107th St","68","casual"
"Public Rack - Hyde Park Blvd & 53rd St","68","casual"
"Lawndale Ave & 111th St","68","casual"
"Ewing Ave & 106th St","68","casual"
"Harding Ave & Division St","68","casual"
"Public Rack - Lowell Ave & Elston Ave","68","casual"
"Houston Ave & 92nd St","67","casual"
"Nagle Ave & Belmont Ave","67","casual"
"Bernard St & Peterson Ave","67","casual"
"Columbus Ave & 79th St","67","casual"
"Rainbow Beach","67","casual"
"La Villita Park","66","casual"
"Lamon Ave & Armitage Ave","66","casual"
"Cumberland Ave & Catherine Ave","66","member"
"Public Rack - Springfield Ave & Lawrence Ave","65","member"
"Public Rack - Rockwell & Division","65","casual"
"Cottage Grove Ave & 83rd St","65","casual"
"Houston Ave & 92nd St","64","member"
"Harlem Ave & Bloomingdale Ave","64","casual"
"Damen Ave & 59th St","64","casual"
"Public Rack - Karlov Ave & Milwaukee Ave","64","casual"
"Burnham Greenway & 112th St","64","member"
"Homan Ave & Fillmore St","64","member"
"Overhill Ave & Belmont Ave","64","casual"
"Monticello Ave & Chicago Ave","64","member"
"Kedzie Ave & 83rd St","63","casual"
"Shields Ave & 43rd St","63","casual"
"Kildare Ave & Chicago Ave","63","member"
"Damen Ave & 87th St","63","casual"
"Orange Ave & Addison St","63","casual"
"Lawler Ave & North Ave","63","casual"
"Grace St & Central Ave","63","member"
"Oglesby Ave & 100th St","62","member"
"Central Ave & Parker Ave","62","casual"
"Avers Ave & 16th St","62","member"
"Public Rack - Harold Washington Park","62","casual"
"Sheridan Rd & Berwyn Ave","62","casual"
"Waveland/Wilton Corral","62","member"
"Lavergne Ave & Division St","61","member"
"Albany Ave & 16th St","61","member"
"Public Rack - Kimball & Ardmore","61","member"
"Cottage Grove Ave & 111th Pl","61","casual"
"California Ave & 36th St","61","casual"
"Cicero Ave & Wrightwood Ave","61","casual"
"Menard Ave & Milwaukee Ave","61","casual"
"Public Rack - Kimbark Ave & 67th St","60","casual"
"Central Ave & Madison St","60","member"
"Komensky Ave & 55th St","60","casual"
"Harding Ave & 26th St","60","member"
"Eggleston Ave & 92nd St","59","casual"
"Lavergne Ave & Lawrence Ave","59","casual"
"California Ave & 26th St","59","casual"
"Kedzie Ave & Jackson Blvd","59","member"
"Ewing Ave & Burnham Greenway","59","member"
"Grace/Sheffield","59","casual"
"Central Ave & Wellington Ave","59","member"
"Harding Ave & Division St","59","member"
"Ewing Ave & 106th St","58","member"
"Kilpatrick Ave & Parker Ave","58","casual"
"Central Ave & Madison St","58","casual"
"Halsted St & 69th St","58","casual"
"Newcastle Ave & Irving Park Rd","58","casual"
"Lawndale Ave & 16th St","58","casual"
"Wabash Ave & 49th St","57","casual"
"Daley Center Plaza Corral","57","casual"
"Waveland/Wilton Corral","57","casual"
"Clyde Ave & 87th St","57","casual"
"Washtenaw Ave & Peterson Ave","56","casual"
"N Clark St & W Elm St","56","member"
"Lawler Ave & North Ave","56","member"
"Lamon Ave & Chicago Ave","56","member"
"Kenwood Ave & 57th St","56","casual"
"Kedzie Ave & 54th Pl","56","member"
"Public Rack - Cicero Ave & Belle Plaine Ave","56","casual"
"Dauphin Ave & 87th St","56","casual"
"Public Rack - Karlov Ave & Milwaukee Ave","56","member"
"California Ave & 71st St","55","casual"
"Long Ave & Diversey Ave","55","casual"
"Kostner Ave & Adams St","55","member"
"Wellington Ave & Mulligan Ave","55","casual"
"Central Park & Augusta Blvd","55","casual"
"Kingsbury St & Kinzie St 2","55","casual"
"Pulaski Rd & 54th St","55","member"
"MLK Jr Dr & 63rd St","55","member"
"Public Rack - Peterson Ave & Drake Ave","55","member"
"Meade Ave & Addison St","54","casual"
"Major Ave & Addison St","54","casual"
"Big Marsh Park","54","member"
"Francisco Ave & 47th St","54","member"
"Cottage Grove Ave & 71st St","54","casual"
"Exchange Ave & 79th St","54","member"
"Public Rack - Spaulding Ave & North Ave","54","casual"
"Lawndale Ave & 59th St","54","member"
"Tripp Ave & 65th St","54","member"
"Panama Ave & Grace St","54","casual"
"Baltimore Ave & 133rd St","53","casual"
"Central Ave & Wellington Ave","53","casual"
"Major Ave & Addison St","53","member"
"Michigan Ave & 105th St","53","member"
"Clark/Racine","53","member"
"Baltimore Ave & 87th St","53","member"
"Lamon Ave & Armitage Ave","53","member"
"Oak Park & Wellington","53","casual"
"Halsted St & Court Pl","53","member"
"Public Rack - Prairie Ave & 47th St ","53","member"
"Martin Luther King Dr & 87th St","53","member"
"Oakley Ave & Lyndale St","53","casual"
"Kildare Ave & Division St","53","casual"
"Public Rack - Nashotah & Northwest Hwy","53","casual"
"Michigan Ave & 105th St","53","casual"
"Public Rack - Campbell Ave & Pratt Blvd","52","member"
"Larrabee St & Chicago Ave","52","casual"
"Central Ave & Roscoe St","52","member"
"Halsted St & 69th St","52","member"
"Le Mai Ave & Devon Ave","52","member"
"Dan Ryan Woods & 83rd St","52","member"
"Komensky Ave & 47th St","52","casual"
"Cicero Ave & Lake St","52","casual"
"Rockwell/Irving Park Hub","52","casual"
"State St & Pershing Rd","52","casual"
"Ellis Ave & 83rd St","51","casual"
"Public Rack - Kimball Ave & Lawrence Ave","51","member"
"Tripp Ave & 15th St","51","member"
"Latrobe Ave & Chicago Ave","51","member"
"Homewood Ave & 115th St","51","casual"
"Rockwell St & 47th St","51","member"
"Steelworkers Park","50","member"
"Spaulding Ave & 16th St","50","member"
"Artesian Ave & 55th St","50","casual"
"Vincennes Ave & 104th St","50","casual"
"Kedzie Ave & Redfield Dr","50","casual"
"Fairfield Ave & 44th St","50","member"
"Public Rack - Champlain Ave & 65th St","49","casual"
"Archer Ave & 49th St","49","member"
"Racine Ave & Garfield Blvd","49","casual"
"Public Rack - Western Ave & 92nd Pl","49","member"
"Long Ave & Belmont Ave","49","member"
"Harding Ave & 26th St","49","casual"
"Jeffery Blvd & 76th St","49","casual"
"Central Ave & Chicago Ave","48","casual"
"Kildare Ave & Archer Ave","48","casual"
"Kedzie Ave & Harrison St","48","casual"
"Orange Ave & Addison St","48","member"
"Kildare Ave & 55th St","48","casual"
"California Ave & Marquette Rd","48","member"
"St. Louis & 71st St","48","casual"
"Halsted St & 104th St","48","casual"
"Sayre Ave & Diversey Ave","48","member"
"Wabash Ave & 83rd St","48","member"
"Monticello Ave & Chicago Ave","48","casual"
"Maplewood Ave & 59th St","47","casual"
"Public Rack - Peterson Park","47","member"
"Hamilton Park","47","casual"
"Ashland Ave & 66th St","47","casual"
"Eggleston Ave & 111th St","47","casual"
"Kedzie Ave & 24th St","47","member"
"Princeton Ave & 95th St","47","casual"
"Pine Ave & Division St","46","casual"
"Central Park Ave & Washington Blvd","46","member"
"W 103rd St & S Avers Ave","46","casual"
"Elizabeth St & 47th St","46","member"
"Oglesby Ave & 100th St","46","casual"
"21st St & Pulaski Rd","46","casual"
"NAVY PIER","46","member"
"Long Ave & North Ave","46","casual"
"Kildare Ave & 26th St","46","member"
"Loomis Blvd & 84th St","45","casual"
"Austin Blvd & Chicago Ave","45","member"
"Rainbow Beach","45","member"
"Lavergne Ave & Division St","45","casual"
"Indiana Ave & 103rd St","45","member"
"Long Ave & Belden Ave","45","member"
"Homan Ave & Fillmore St","45","casual"
"Ashland Ave & Garfield Blvd","45","casual"
"Milwaukee & Fullerton","45","casual"
"Public Rack - Milwaukee Ave & Higgins Ave","45","member"
"Eggleston Ave & 69th St","45","casual"
"Halsted St & 59th St","45","casual"
"Maplewood Ave & 59th St","45","member"
"Public Rack - Lawndale Ave & Diversey Ave","45","casual"
"Halsted St & 93rd St","45","casual"
"Kedzie Ave & 45th St","45","member"
"Damen Ave & 51st St","45","casual"
"Phillips Ave & 83rd St","45","member"
"Shabbona Park","45","member"
"Troy St & Jackson Blvd","44","member"
"Cicero Ave & Wellington Ave","44","member"
"Sacramento Ave & Linden Pl","44","member"
"Calumet Park","44","member"
"Mango Ave & Diversey Ave","44","casual"
"Dauphin Ave & 87th St","44","member"
"Public Rack - Kilpatrick & Elston","44","member"
"Mayfield Ave & Roosevelt Rd","44","casual"
"Kedzie Ave & 45th St","44","casual"
"Bradley Park","44","casual"
"Knox Ave & Marquette Ave","44","casual"
"Phillips Ave & 79th St","44","casual"
"Hastings LWS","44","casual"
"Central Park Blvd & 5th Ave","44","casual"
"Laramie Ave & Kinzie St","44","member"
"21st St & Pulaski Rd","44","member"
"Granville Ave & Clark St","43","casual"
"Hastings St Depot LWS","43","member"
"Archer Ave & Homan Ave","43","member"
"Ashland Ave & 74th St","43","casual"
"Franklin St & Monroe St Corral","43","casual"
"Halsted St & 59th St","43","member"
"Oketo Ave & Addison St","43","casual"
"Phillips Ave & 83rd St","43","casual"
"Public Rack - Emerald Ave & 43rd St","43","casual"
"Kedzie Ave & 38th Pl","43","casual"
"Pulaski Rd & Lake St","43","casual"
"Public Rack - Keystone Ave & Irving Park Rd","43","casual"
"Eberhart Ave & 91st St","42","casual"
"W 103rd St & S Avers Ave","42","member"
"Doty Ave & 111th St","42","casual"
"Meade Ave & Diversey Ave","42","casual"
"Kedzie Ave & Jackson Blvd","42","casual"
"Hegewisch Metra Station","42","casual"
"Dauphin Ave & 103rd St","42","casual"
"Harlem Ave & Grace St","42","casual"
"Mozart St & 55th St","42","member"
"Stewart Ave & 83rd St","41","casual"
"Noble St & Potomac Ave","41","casual"
"Public Rack - Lavergne Ave & Belle Plaine Ave","41","member"
"Pulaski Rd & Lake St","41","member"
"Menard Ave & Milwaukee Ave","41","member"
"Richmond St & 59th St","41","casual"
"Western Ave & 104th St","41","member"
"Kenton Ave & Madison St","41","member"
"Woodlawn & 103rd","41","casual"
"Public Rack - Natoma Ave & Bryn Mawr Ave","41","casual"
"Lawndale Ave & 59th St","41","casual"
"Laramie Ave & Madison St","41","member"
"Commercial Ave & 90th St","40","member"
"Hamlin Ave & 62nd Pl","40","casual"
"Vernon Ave & 107th St","40","casual"
"Vincennes Ave & 95th St","40","casual"
"Kenneth Ave & 50th St","40","member"
"Kilbourn Ave & 49th St","40","casual"
"Public Rack - Forest Glen Station ","40","member"
"Kildare Ave & Chicago Ave","40","casual"
"Nagle Ave & Belmont Ave","40","member"
"Public Rack - Jensen Park","40","casual"
"Mozart St & 79th St","40","casual"
"Ashland Ave & 63rd St","40","casual"
"Albany Ave & Douglas Blvd","40","member"
"Public Rack - Springfield Ave & Lawrence Ave","40","casual"
"Springfield Ave & 47th St","39","casual"
"Francisco Ave & Hollywood Ave","39","member"
"Burley Ave & 85th St","39","casual"
"Lavergne Ave & 46th St","39","casual"
"Kedzie Ave & 104th St","39","casual"
"Ashland Ave & 63rd St","39","member"
"East End Ave & 87th St","39","casual"
"Wentworth Ave & 92nd St","39","member"
"Public Rack - Spaulding Ave & Bryn Mawr Ave","39","member"
"Commercial Ave & 83rd St","39","casual"
"Prospect Sq & 91st St","38","member"
"Oconto Ave & Belmont Ave","38","casual"
"Central Ave & Harrison St","38","casual"
"Public Rack - Irving Park Rd & Leclaire Ave","38","member"
"Damen Ave & 87th St","38","member"
"Public Rack - Natoma Ave & Bryn Mawr Ave","38","member"
"Mason Ave & Grand Ave","38","member"
"Cicero Ave & Wellington Ave","38","casual"
"Public Rack - Kenneth & Carmen","38","member"
"Pulaski Rd & Congress Pkwy","38","member"
"Public Rack - Avers & Lawrence","38","member"
"Mozart St & 55th St","38","casual"
"Komensky Ave & 31st St","38","casual"
"Eggleston Ave & 69th St","37","member"
"Central Park Ave & Douglas Blvd","37","casual"
"Overhill Ave & Belmont Ave","37","member"
"Western Ave & 79th St","37","casual"
"Sacramento Ave & 51st St","37","casual"
"Calumet Ave & 71st St","37","casual"
"St Louis Ave & 51st St","37","casual"
"Racine Ave & 115th St","37","member"
"Major Taylor Trail & 115th St","37","casual"
"Torrence Ave & 126th Pl","37","casual"
"Marmora Ave & Irving Park Rd","37","member"
"Martin Luther King Dr & 87th St","37","casual"
"Aberdeen St & 103rd St","37","casual"
"Spaulding Ave & Milwaukee Ave","36","member"
"Western Ave & 79th St","36","member"
"Commercial Ave & 97th St","36","member"
"Public Rack - Whipple St & 63rd St","36","member"
"Menard Ave & North Ave","36","casual"
"Public Rack - Western Ave & Devon Ave","36","casual"
"Western Ave & 101st St","36","member"
"Kenneth Ave & 50th St","36","casual"
"Public Rack - Kostner Ave & Armitage Ave","36","member"
"Yates Blvd & 93rd St","36","casual"
"Clark St & Washington St","35","casual"
"Public Rack - Central Ave & Lawrence Ave","35","member"
"Woodlawn Ave & 75th St","35","casual"
"Homan Ave & Arthington Ave","35","member"
"Pulaski Rd & 75th St","35","casual"
"Elizabeth St & 47th St","35","casual"
"Wentworth Ave & 92nd St","35","casual"
"Scottsdale Park","35","casual"
"Oriole Ave & Irving Park Rd","35","casual"
"Kildare Ave & 26th St","35","casual"
"Olive Harvey College","35","casual"
"Wabash Ave & 49th St","35","member"
"Public Rack - Western Ave & Jarvis Ave","35","member"
"Public Rack - Keystone Ave & North Ave","35","member"
"Michigan Ave & 71st St","35","member"
"Public Rack - Keating & Peterson","35","casual"
"Harding Ave & Chicago Ave","35","casual"
"Long Ave & Belden Ave","35","casual"
"Vernon Ave & 75th St","35","casual"
"Vincennes Ave & 104th St","35","member"
"Bradley Park","34","member"
"Public Rack - Leamington & Elston","34","casual"
"Kedzie Ave & 110th St","34","casual"
"Archer Ave & 43rd St","34","casual"
"Tripp Ave & 31st St","34","casual"
"Public Rack - Kostner Ave & Armitage Ave","34","casual"
"Dearborn St & Washington St","34","casual"
"State St & Pershing Rd","34","member"
"Dauphin Ave & 103rd St","34","member"
"Vincennes Ave & 79th St","34","casual"
"Phillips Ave & 79th St","34","member"
"Halsted St & 73rd St","34","casual"
"Public Rack - St Louis Ave & Berteau Ave","34","member"
"Yates Blvd & 75th St","34","casual"
"Narragansett Ave & North Ave","34","member"
"Kedzie Ave & Redfield Dr","34","member"
"Avenue O & 134th St","33","casual"
"Whipple St & Roosevelt Rd","33","casual"
"Kedzie Ave & 66th Pl","33","member"
"Pulaski Rd & 75th St","33","member"
"Stony Island Ave & 82nd St","33","member"
"State St & 45th St","33","casual"
"Troy St & Jackson Blvd","33","casual"
"Springfield Ave & 47th St","33","member"
"Springfield Ave & 71st St","33","casual"
"Greenwood Ave & 79th St","32","casual"
"Stony Island Ave & 90th St","32","casual"
"Ewing Ave & Burnham Greenway","32","casual"
"Kostner Ave & Lake St","32","member"
"Pulaski Rd & 60th Pl","32","casual"
"Public Rack - South Shore Dr & 71st St","32","casual"
"Damen Ave & 77th St","32","casual"
"Kildare Ave & Archer Ave","32","member"
"Public Rack - Western Blvd & 49th St","32","casual"
"Narragansett Ave & School St","32","casual"
"Halsted St & 119th St","32","casual"
"Public Rack - Sawyer Ave & Lawrence Ave","32","member"
"Artesian Ave & 71st St","32","member"
"Cottage Grove Ave & 49th St","32","casual"
"Ewing Ave & 98th St","32","casual"
"Seeley Ave & Garfield Blvd","32","casual"
"Burnham Greenway & 105th St","31","member"
"La Villita Park","31","member"
"Central Park Ave & Douglas Blvd","31","member"
"Public Rack - Nashotah & Northwest Hwy","31","member"
"Public Rack - Sawyer Ave & Bryn Mawr Ave - SE","31","member"
"Public Rack - Walden Pkwy & 103rd St","31","casual"
"Public Rack - Kimball Ave & Lawrence Ave","31","casual"
"Public Rack - Washtenaw Ave & Devon Ave","31","casual"
"State St & 76th St","31","member"
"Parnell Ave & 127th St","31","casual"
"Cicero Ave & Flournoy St","31","casual"
"Avenue O & 118th St","31","casual"
"Milwaukee & Fullerton","31","member"
"St. Clair St & Erie St 1","31","casual"
"Karlov Ave & Madison St","30","member"
"Wentworth Ave & Cermak Rd","30","casual"
"Cottage Grove Ave & 78th St","30","casual"
"Major Taylor Trail & 111th St","30","casual"
"Monitor Ave & Division St","30","casual"
"Martin Luther King Dr & 111th St","30","member"
"Ellis Ave & 83rd St","30","member"
"Baltimore Ave & 87th St","30","casual"
"Narragansett Ave & McLean Ave","30","member"
"Public Rack - Irving Park Rd & Leclaire Ave","30","casual"
"Stony Island Ave & 82nd St","29","casual"
"Public Rack - Nagel & Higgins","29","casual"
"Public Rack - Lafayette Ave & 95th St","29","casual"
"Racine Ave & 115th St","29","casual"
"Pulaski Rd & 84th St","29","member"
"Sheffield Ave & Fullerton Ave*","29","casual"
"Stewart Ave & 63rd St","29","casual"
"Tripp Ave & 15th St","29","casual"
"Le Mai Ave & Devon Ave","29","casual"
"Public Rack - Cicero Ave & Belle Plaine Ave","29","member"
"Cicero Ave & Quincy St","29","casual"
"Troy Ave & 27th St","29","casual"
"Ashland Ave & 78th St","29","casual"
"Public Rack - Avers Ave & Irving Park Rd","29","casual"
"Burley Ave & 85th St","29","member"
"Archer Ave & 49th St","29","casual"
"Damen Ave & 33rd St","29","member"
"SCOOTERS CLASSIC - 2132 W Hubbard ST","29","member"
"Lamon Ave & Chicago Ave","29","casual"
"Mulligan Ave & Archer Ave","28","casual"
"Evans Ave & 75th St","28","casual"
"Francisco Ave & Hollywood Ave","28","casual"
"Franklin St & Chicago Ave*","28","casual"
"Harlem Ave & Grace St","28","member"
"Tripp Ave & 31st St","28","member"
"Cicero Ave & Lake St","28","member"
"St. Louis & 71st St","28","member"
"Pulaski Rd & 84th St","28","casual"
"Martin Luther King Dr & 111th St","28","casual"
"Throop St & 99th St","28","casual"
"Halsted St & 78th St","28","member"
"Halsted St & 96th St","28","casual"
"Public Rack - Prairie Ave & 47th St ","28","casual"
"Public Rack - Nagel & Higgins","28","member"
"Throop St & 52nd St","27","casual"
"Marshfield Ave & Diversey Pkwy","27","casual"
"Halsted St & 56th St","27","casual"
"North Ave & New England Ave","27","casual"
"Burling St & Diversey Pkwy*","27","member"
"Damen Ave & 59th St","27","member"
"Sacramento Ave & 25th St","27","casual"
"Kenton Ave & Madison St","27","casual"
"Public Rack - Milwaukee Ave & Higgins Ave","27","casual"
"Kostner Ave & Lake St","27","casual"
"Damen Ave & 51st St","26","member"
"Ashland Ave & 74th St","26","member"
"St Louis Ave & 59th St","26","casual"
"Public Rack - Richard Daley College","26","casual"
"Public Rack - Oak Park & Higgins","26","casual"
"Racine Ave & 65th St","26","casual"
"Fullerton & Monitor","26","casual"
"Public Rack - Penn Elementary School / KIPP Ascend Middle School","26","member"
"Narragansett Ave & School St","26","member"
"Oconto Ave & Belmont Ave","26","member"
"Lawndale Ave & 30th St","26","member"
"Spaulding Ave & 63rd","26","casual"
"Halsted St & 111th St","26","casual"
"Halsted St & Court Pl","26","casual"
"Pulaski Rd & 68th St","26","member"
"Wellington Ave & Mulligan Ave","26","member"
"Woodlawn Ave & 75th St","26","member"
"Public Rack - Kimball Ave & Carmen Ave","26","member"
"Laramie Ave & Madison St","26","casual"
"Public Rack - Monticello & Lawrence","26","member"
"California Ave & 36th St","26","member"
"Public Rack - Washington Park Ct & 51st St","26","member"
"Cottage Grove Ave & 111th Pl","26","member"
"Harding Ave & 31st St","26","member"
"Public Rack - Lawrence Ave & Kimball Ave","26","member"
"Racine Ave & 65th St","25","member"
"Artesian Ave & 55th St","25","member"
"Damen Ave & 74th St","25","casual"
"Pulaski Rd & 60th St","25","member"
"Indiana Ave & 103rd St","25","casual"
"Public Rack - Drake Ave & Leland Ave","25","casual"
"Sacramento Blvd & Polk St","25","casual"
"Constance Ave & 95th St","25","casual"
"Constance Ave & 95th St","25","member"
"State St & 76th St","25","casual"
"Burley Ave & 91st St","25","casual"
"Homan Ave & 77th St","25","casual"
"Sawyer Ave & Fullerton Ave","25","member"
"Meade Ave & Diversey Ave","25","member"
"Kedzie Ave & 66th Pl","25","casual"
"Public Rack - Langley Ave & 49th St","25","casual"
"Harding Ave & 31st St","25","casual"
"Public Rack - Milwaukee Ave & School St","25","member"
"Public Rack - California Ave & Ogden Ave","25","casual"
"Parkside Ave & Armitage Ave","25","member"
"Kedzie Ave & 52nd St","25","member"
"Roscoe & Harlem","24","casual"
"Artesian Ave & Marquette Rd","24","casual"
"Karlov Ave & Fillmore St","24","casual"
"Public Rack - Milwaukee Ave & Kennedy Expy","24","casual"
"Major Ave & Bloomingdale Ave","24","casual"
"Columbus Ave & 83rd Pl","24","casual"
"Pulaski Rd & Ann Lurie Pl","24","casual"
"Mulligan Ave & Archer Ave","24","member"
"Torrence Ave & 106th St","24","casual"
"Archer Ave & Homan Ave","24","casual"
"Granville Ave & Pulaski Rd","24","casual"
"State St & 123rd St","24","casual"
"Homan Ave & 26th St","24","member"
"Rockwell St & 63rd St","24","member"
"Pulaski Rd & 68th St","24","casual"
"State St & 127th St","23","casual"
"Halsted St & 83rd St","23","casual"
"State St & 111th St","23","casual"
"Rockwell St & 57th St","23","member"
"Public Rack - Komensky Ave & 59th St","23","member"
"Hale Ave & 107th St","23","member"
"Kedzie Ave & 73rd St","23","casual"
"Western Ave & 62nd St","23","casual"
"Pulaski Rd & 60th St","23","casual"
"Meade Ave & Addison St","23","member"
"Public Rack - Greenwood Ave & Lake Park Ave","23","member"
"Central Ave & Harrison St","23","member"
"Springfield Ave & 80th St","23","casual"
"Public Rack - Kimbark Ave & 67th St","23","member"
"Vernon Ave & 107th St","23","member"
"Parkside Ave & Armitage Ave","23","casual"
"St Louis Ave & 51st St","23","member"
"South Chicago Ave & 83rd St","23","casual"
"Yates Blvd & 93rd St","22","member"
"Augusta Blvd & Laramie Ave","22","member"
"Avers Ave & 16th St","22","casual"
"Loomis St & 95th St","22","casual"
"Loomis St & 95th St","22","member"
"Michigan Ave & 113th St","22","casual"
"Public Rack - Central Park & Peterson","22","member"
"Public Rack - Delphina & Foster","22","member"
"Public Rack - Lowell Ave & Elston Ave","22","member"
"Public Rack - Mango & Higgins","22","casual"
"Public Rack - Minuteman Park","22","member"
"Public Rack - Walden Pkwy & 103rd St","22","member"
"Rockwell St & 63rd St","22","casual"
"Vincennes Ave & 75th St","21","casual"
"Public Rack - Central Ave & Lawrence Ave","21","casual"
"Public Rack - Wilbur Wright College South","21","casual"
"Mango Ave & North Ave","21","member"
"Karlov Ave & Madison St","21","casual"
"Western Ave & 81st St","21","member"
"Throop St & 52nd St","21","member"
"Kildare Ave & 85th St (Kostner Ave & 87th St TEMPORARY)","21","casual"
"Public Rack - Kenneth & Carmen","21","casual"
"Public Rack - Champlain Ave & 65th St","21","member"
"Archer Ave & 43rd St","21","member"
"Spaulding Ave & 63rd","21","member"
"Public Rack - St Louis Ave & Berteau Ave","21","casual"
"Stewart Ave & 63rd St","21","member"
"Cottage Grove Ave & 71st St","21","member"
"Commercial Ave & 90th St","21","casual"
"Sacramento Ave & 51st St","21","member"
"Loomis St & Lexington St*","21","casual"
"Public Rack - Parkside & Elston","21","casual"
"Public Rack - Karlov Ave & Kamerling Ave","21","casual"
"Kedzie Ave & 73rd St","21","member"
"Sedgwick St & North Ave*","21","casual"
"Halsted St & Dickens Ave*","21","casual"
"S Michigan Ave & E 118th St","21","casual"
"Seeley Ave & Garfield Blvd","21","member"
"Halsted St & 78th St","21","casual"
"Halsted St & 123rd St","21","casual"
"Public Rack - Pulaski & Rosemont","21","member"
"Public Rack - Rockwell Ave & Touhy Ave ","20","casual"
"Steelworkers Park (Updated)","20","casual"
"Public Rack - Minuteman Park","20","casual"
"St Louis Ave & Norman Bobbins Pl","20","member"
"Public Rack - Milwaukee Ave & School St","20","casual"
"Michigan Ave & 108th St","20","casual"
"Jeffery Blvd & 76th St","20","member"
"Public Rack - Kenton Ave & Palmer St","20","casual"
"Public Rack - Woodlawn Ave & 63rd St S","20","casual"
"Greenwood Ave & 97th St","20","casual"
"Vernon Ave & 79th St","20","casual"
"Public Rack - Austin Blvd & North Ave","20","casual"
"Ewing Ave & 97th St","20","casual"
"Whipple St & Roosevelt Rd","20","member"
"Elizabeth St & 92nd St","20","casual"
"South Chicago Ave & 83rd St","20","member"
"Public Rack - Milwaukee Ave & Culyer Ave","19","casual"
"Knox Ave & Marquette Ave","19","member"
"Lamon Ave & 47th St","19","casual"
"Racine Ave & 57th St","19","casual"
"Southport Ave & Waveland Ave*","19","casual"
"Public Rack - Lockwood Ave & Diversey Ave","19","member"
"Rainbow - Beach","19","casual"
"Cicero Ave & Quincy St","19","member"
"Public Rack - Sawyer Ave & Bryn Mawr Ave - SE","19","casual"
"Public Rack - Lawrence Ave & Kimball Ave","19","casual"
"Eggleston Ave & 115th St","19","casual"
"Wabash Ave & 83rd St","19","casual"
"Roscoe & Harlem","19","member"
"Halsted St & 73rd St","19","member"
"Paulina Ave & 87th St","19","member"
"North Ave & New England Ave","19","member"
"Artesian Ave & 71st St","19","casual"
"Public Rack - Milwaukee Ave & Catalpa Ave","19","member"
"Public Rack - Lake Shore Dr & Hayes Dr","19","casual"
"Public Rack - Milwaukee Ave & Pensacola Ave","19","casual"
"Public Rack - Milwaukee Ave & Warner Ave","19","member"
"Marquette Ave & 89th St","19","casual"
"Keeler Ave & Roosevelt Rd","19","member"
"Kildare & Cermak","19","casual"
"Altgeld Gardens","19","casual"
"Western Ave & 111th St","19","member"
"Public Rack - Pulaski Rd & Fullerton Ave","18","member"
"Ewing Ave & 98th St","18","member"
"Public Rack - Keystone Ave & North Ave","18","casual"
"Marmora Ave & Belmont Ave","18","member"
"Lawndale Ave & 16th St","18","member"
"Cottage Grove Ave & 78th St","18","member"
"Public Rack - Milwaukee Ave & Kennedy Expy","18","member"
"Public Rack - Norwood Park Station ","18","casual"
"Public Rack - Mulligan & Northwest Hwy","18","casual"
"Public Rack - Peterson Park","18","casual"
"Burley Ave & 91st St","18","member"
"Public Rack - Forest Glen Station ","18","casual"
"Public Rack - Bryn Mawr Ave & Spaulding Ave","18","member"
"Evans Ave & 75th St","18","member"
"Public Rack - Western Blvd & 49th St","18","member"
"Public Rack - Kimball Ave & Carmen Ave","17","casual"
"Stony Island Ave & South Chicago Ave","17","member"
"Calumet Ave & 71st St","17","member"
"Public Rack - Pulaski Rd & 44th St","17","casual"
"Princeton Ave & 95th St","17","member"
"Public Rack - Greenwood Ave & Lake Park Ave","17","casual"
"Pershing Rd & Sacramento Ave","17","member"
"Paulina Ave & 87th St","17","casual"
"Hubbard St Depot","17","member"
"Racine Ave & 61st St","17","member"
"Pulaski Rd & 60th Pl","17","member"
"Public Rack - Milwaukee Ave & Culyer Ave","17","member"
"MLK Jr Dr & 83rd St","17","casual"
"S Aberdeen St & W 106th St","17","casual"
"Public Rack - Milwaukee Ave & Pensacola Ave","17","member"
"Marshfield Ave & 59th St","17","member"
"Public Rack - Christiana & Lincoln","17","member"
"Public Rack - St Louis & Lincoln","17","member"
"Public Rack - Prairie Ave & Garfield Blvd N","16","member"
"Public Rack - Trumbull Ave & 111th St","16","casual"
"Ashland Ave & 66th St","16","member"
"Public Rack - Kedzie Ave & 64th St - SW","16","member"
"California Ave & 29th St","16","member"
"Lavergne Ave & 44th St","16","casual"
"Latrobe Ave & Chicago Ave","16","casual"
"Halsted St & 83rd St","16","member"
"Public Rack - Lockwood & Archer","16","casual"
"Stony Island Ave & South Chicago Ave","16","casual"
"Racine Ave & Garfield Blvd","16","member"
"Milwaukee Ave & Diversey Ave","16","member"
"Homan Ave & 65th St","16","casual"
"Public Rack - Natoma Ave & 61st St","16","member"
"Summit Ave & 86th St","16","member"
"Public Rack - Laramie Ave & Belmont Ave","16","member"
"Kostner Ave & Adams St","16","casual"
"Central Park Ave & 66th St","16","casual"
"Springfield Ave & 71st St","16","member"
"Laflin St & 115th St","15","casual"
"Public Rack - N. Oakview and W. Gregory St","15","member"
"Public Rack - Olmstead Ave & Oliphant Ave","15","casual"
"Public Rack - King Dr & Oakwood Blvd","15","member"
"Public Rack - Mont Clare Ave & Higgins Ave","15","member"
"Public Rack - Marquette Rd & 67th St","15","member"
"Public Rack - Peterson Ave & Milwaukee Ave","15","member"
"Commercial Ave & 100th St","15","member"
"Public Rack - Sacramento Ave & Devon Ave","15","member"
"Panama Ave & Grace St","15","member"
"Artesian Ave & Marquette Rd","15","member"
"Public Rack - Sacramento Ave & Devon Ave","15","casual"
"Public Rack - Halsted St & 63rd St","15","member"
"Manistee Ave & 95th St","15","casual"
"Mango Ave & Diversey Ave","15","member"
"Public Rack - Parkside & 63rd","15","member"
"Major Taylor Trail & 124th St","15","casual"
"Summit Ave & 86th St","15","casual"
"Public Rack - Kedvale Ave & 63rd St W","15","casual"
"Western Ave & 62nd St","15","member"
"Public Rack - Bernard St & Foster Ave","15","casual"
"Michigan Ave & 71st St","15","casual"
"May St & 69th St","15","casual"
"Public Rack - Houston Ave & 91st St","15","member"
"Loomis St & 89th St","15","member"
"St. Clair St & Erie St 2","15","casual"
"Clyde Ave & 87th St","15","member"
"Public Rack - Pulaski Rd & Armitage Ave","15","member"
"Public Rack - Forest Glen & Peterson","15","member"
"Public Rack - Leclaire Ave & Division St","15","member"
"Ashland Ave & 78th St","15","member"
"Halsted St & 104th St","15","member"
"Lawndale Ave & 111th St","15","member"
"Public Rack - Prairie Ave & Garfield Blvd N","15","casual"
"Columbus Ave & 79th St","14","member"
"Mayfield Ave & Roosevelt Rd","14","member"
"May St & 69th St","14","member"
"N Clark St & W Elm St","14","casual"
"Doty Ave & 111th St","14","member"
"Addison Red Line Corral","14","casual"
"Public Rack - Mozart Elementary School","14","member"
"Michigan Ave & 114th St","14","casual"
"Laflin St & 115th St","14","member"
"Public Rack - Evans Ave & 63rd St","14","casual"
"Public Rack - Avers & Lawrence","14","casual"
"Public Rack - Garfield Park Conservatory","14","casual"
"Damen Ave & 74th St","14","member"
"Rainbow - Beach","13","member"
"Public Rack - Kedzie Ave & Walnut St","13","member"
"Racine Ave & 57th St","13","member"
"California Ave & 29th St","13","casual"
"Cicero Ave & Flournoy St","13","member"
"Commercial Ave & 100th St","13","casual"
"East End Ave & 87th St","13","member"
"Fullerton & Monitor","13","member"
"Halsted St & 56th St","13","member"
"Indiana Ave & 133rd St","13","casual"
"Karlov Ave & Fillmore St","13","member"
"Kedzie Ave & 38th Pl","13","member"
"Public Rack - Mozart Elementary School","13","casual"
"Public Rack - Laramie Ave & Belmont Ave","13","casual"
"Monitor Ave & Division St","13","member"
"Newcastle Ave & Irving Park Rd","13","member"
"Oriole Ave & Irving Park Rd","13","member"
"Public Rack - Langley Ave & Oakwood Blvd","13","casual"
"Public Rack - Pulaski & Ardmore","13","member"
"Public Rack - Pulaski Rd & Fullerton Ave","13","casual"
"Public Rack - Avondale Ave & Addison St","13","casual"
"Stony Island Ave & 90th St","13","member"
"Public Rack - Bryn Mawr Ave & Spaulding Ave","13","casual"
"Public Rack - S. Kilpatrick and W. 79th","13","casual"
"Public Rack - Cicero Ave & North Ave","13","member"
"Bennett Ave & 79th St","13","casual"
"Shore Dr & 53rd St","13","casual"
"Public Rack - Delphina & Foster","13","casual"
"Sheffield Ave & Kingsbury St*","13","casual"
"Public Rack - Washington Park Ct & 51st St","13","casual"
"Public Rack - Garfield Park Conservatory","13","member"
"Public Rack - Western Ave & 100th St","13","casual"
"S Wentworth Ave & W 111th St","13","casual"
"Public Rack - Western Ave & 92nd Pl","13","casual"
"Eberhart Ave & 91st St","12","member"
"Public Rack - Avondale Ave & Addison St","12","member"
"Public Rack - Wilbur Wright College South","12","member"
"Troy Ave & 27th St","12","member"
"Wabash Ave & 59th St","12","member"
"Greenwood Ave & 79th St","12","member"
"Lamon Ave & 47th St","12","member"
"Public Rack - Justine St & 87th St","12","casual"
"Public Rack - Holbrook St & Milwaukee Ave","12","member"
"Sacramento Blvd & Polk St","12","member"
"Loomis Blvd & 84th St","12","member"
"Public Rack - Jeffery Blvd & 67th St","12","member"
"Public Rack - Fullerton Ave & Narragansett Ave","12","casual"
"Kildare Ave & 47th St","12","member"
"Wentworth Ave & 107th St","12","member"
"Public Rack - Odell & Talcott","12","casual"
"Public Rack - King Dr & 115th St","12","casual"
"Public Rack - Wolcott Ave & 61st St","12","member"
"Public Rack - Jeffery Blvd & 67th St","12","casual"
"Campbell Ave & 51st St","12","member"
"Public Rack - Emerald Ave & 45th St","12","member"
"Public Rack - Talman Ave & 51st St","12","casual"
"Spaulding Ave & Milwaukee Ave","12","casual"
"Public Rack - Overhill Ave & Touhy Ave","12","casual"
"Public Rack - Milwaukee Ave & Lawrence Ave","12","casual"
"Public Rack - Christiana Ave & 55th St","12","casual"
"Public Rack - Lotus Ave & Lawrence Ave","12","casual"
"Public Rack - Milwaukee Ave & Addison St","12","casual"
"Addison Red Line Corral","12","member"
"Public Rack - Central & Leland","12","member"
"Public Rack - Campbell Ave & Pratt Blvd","12","casual"
"Public Rack - Rockwell Ave & Touhy Ave ","12","member"
"Public Rack - California Ave & Devon Ave - NE","12","member"
"Public Rack - Komensky Ave & 63rd St","12","member"
"Marquette Ave & 89th St","11","member"
"Public Rack - Langley Ave & Oakwood Blvd","11","member"
"Mason Ave & Belmont Ave","11","member"
"Public Rack - Ewing Ave & Indianapolis Ave","11","member"
"Hegewisch Metra Station","11","member"
"Commercial Ave & 130th St","11","member"
"Public Rack - Linder Ave & 64th Pl","11","casual"
"South Chicago Ave & Elliot Ave","11","casual"
"Public Rack - 532 E 43rd St","11","member"
"Public Rack - Cicero & 64th","11","casual"
"Wood St & 84th St","11","casual"
"Vincennes Ave & 75th St","11","member"
"Public Rack - Melvina & Foster","11","casual"
"Major Taylor Trail & 115th St","11","member"
"Public Rack - Christiana & Lincoln","11","casual"
"Public Rack - Western Ave & Jarvis Ave","11","casual"
"Public Rack - Lavergne Ave & Belle Plaine Ave","11","casual"
"Public Rack - Bernard St & Foster Ave","11","member"
"Public Rack - Northwest Hwy & Neva Ave","11","member"
"Columbus Ave & 83rd Pl","11","member"
"Racine Ave & 61st St","11","casual"
"Komensky Ave & 55th St","11","member"
"Oketo Ave & Addison St","11","member"
"Public Rack - Christiana Ave & Lawrence Ave","10","member"
"Ashland Ave & Garfield Blvd","10","member"
"Public Rack - Kenton & Lawrence","10","member"
"Kedzie Ave & 110th St","10","member"
"Leamington Ave & Hirsch St","10","member"
"Public Rack - Central Ave & Pensacola Ave","10","member"
"Greenwood Ave & 91st St","10","member"
"Major Ave & Bloomingdale Ave","10","member"
"State St & 111th St","10","member"
"Public Rack - Mont Clare Ave & Higgins Ave","10","casual"
"Public Rack - Oak Park & Higgins","10","member"
"Public Rack - Kostner Ave & Diversey Ave","10","member"
"Public Rack - Kilpatrick & Elston","10","casual"
"Ave L & 114th","10","member"
"Public Rack - Kostner Ave & North Ave","10","member"
"Public Rack - 532 E 43rd St","10","casual"
"Public Rack - Rutherford Ave & Belmont Ave","10","casual"
"Sawyer Ave & Fullerton Ave","10","casual"
"Public Rack - Ewing Ave & 107th St","10","casual"
"Public Rack - Oak Park Ave & Foster Ave","10","casual"
"Halsted St & 119th St","10","member"
"Public Rack - Linder & Elston","10","casual"
"Kildare & Cermak","10","member"
"Public Rack - Touhy Ave & Oconto Ave","10","casual"
"Wood St & Milwaukee Ave*","10","casual"
"Public Rack - Kenton Ave & Palmer St","10","member"
"Carpenter St & 63rd St","10","casual"
"Public Rack - California Ave & Ogden Ave","10","member"
"Laramie Ave & Gladys Ave","10","member"
"Public Rack - Lockwood & Archer","10","member"
"Public Rack - California Ave & Devon Ave - NW","10","member"
"Public Rack - Western Ave & 47th Pl","10","casual"
"Public Rack - Menard Ave & Belmont Ave","9","casual"
"Loomis St & 89th St","9","casual"
"Kildare Ave & 55th St","9","member"
"Mango Ave & Grand Ave","9","casual"
"Manistee Ave & 95th St","9","member"
"Public Rack - Milwaukee Ave & Waveland Ave","9","member"
"Marshfield Ave & 59th St","9","casual"
"Public Rack - Olmstead Ave & Oliphant Ave","9","member"
"Indiana Ave & 133rd St","9","member"
"Public Rack - Menard Ave & Dakin St - midblock","9","casual"
"Public Rack - 111th St - Morgan Park Metra","9","member"
"Public Rack - Pulaski & Ardmore","9","casual"
"Public Rack - Austin Blvd & North Ave","9","member"
"Franciso Ave & Bloomingdale Ave","9","member"
"Ewing Ave & 97th St","9","member"
"Public Rack - Avers Ave & Ogden Ave","9","casual"
"Elizabeth St & 92nd St","9","member"
"Eberhart Ave & 131st St","9","casual"
"Damen Ave & 77th St","9","member"
"Damen Ave & 33rd St","9","casual"
"Public Rack - Rutherford Ave & Belmont Ave","9","member"
"Public Rack - Sacramento Blvd & Washington Blvd","9","member"
"Public Rack - Lotus Ave & Lawrence Ave","9","member"
"Public Rack - Sawyer Ave & Lawrence Ave","9","casual"
"Public Rack - Spaulding Ave & Foster Ave","9","member"
"Public Rack - Cicero Ave & North Ave","9","casual"
"Public Rack - State ST & 42nd St","9","member"
"Southport Ave & Wrightwood Ave*","9","casual"
"Public Rack - Cottage Grove & 86th St","9","member"
"Public Rack - Irving Park Rd & Menard Ave","9","casual"
"Bennett Ave & 79th St","9","member"
"Public Rack - Linder & Elston","9","member"
"Public Rack - Kedzie Ave & Chicago Ave","9","casual"
"Scottsdale Park","9","member"
"Public Rack - Harlem & Palatine","9","casual"
"Public Rack - Karlov Ave & Lawrence Ave","9","member"
"Public Rack - Kildare Ave & North Ave","9","member"
"Public Rack - Houston Ave & 91st St","9","casual"
"Kildare Ave & 85th St (Kostner Ave & 87th St TEMPORARY)","9","member"
"Laramie Ave & Gladys Ave","8","casual"
"Public Rack - California Ave & Pershing Rd","8","member"
"Public Rack - Ottowa Ave & Touhy Ave","8","casual"
"Public Rack - Laramie Ave & Grand Ave","8","member"
"Public Rack - Sawyer Ave & Bryn Mawr Ave - SW","8","member"
"Public Rack - Odell & Talcott","8","member"
"Public Rack - Natoma Ave & 61st St","8","casual"
"Public Rack - Calumet Ave & 51st St","8","casual"
"Public Rack - Central & Leland","8","casual"
"Rhodes Ave & 71st St","8","member"
"Public Rack - Pullman - Planet Fitness","8","casual"
"Public Rack - Melvina Ave & Belmont Ave","8","casual"
"Public Rack - Milwaukee Ave & Warner Ave","8","casual"
"Public Rack - Milwaukee Ave & Leland Ave","8","casual"
"Public Rack - Spaulding Ave & Bryn Mawr Ave","8","casual"
"Public Rack - Norwood Park","8","member"
"Public Rack - Kedzie Ave & Chicago Ave","8","member"
"Avenue O & 134th St","8","member"
"Lasalle St & Washington St","8","member"
"Damen Ave & 81st St","8","member"
"Ada St & 113th Place","8","casual"
"Greenwood Ave & 91st St","8","casual"
"Public Rack - Melvina & Foster","8","member"
"Lawler Ave & 50th St","8","member"
"Public Rack - Pulaski Rd & Armitage Ave","8","casual"
"Public Rack - King Dr & 115th St","8","member"
"Public Rack - Wood St & 103rd St","7","casual"
"Throop St & 99th St","7","member"
"Public Rack - Fullerton Ave & Narragansett Ave","7","member"
"Kedzie Ave & 83rd St","7","member"
"Public Rack - Oak Park Ave & Foster Ave","7","member"
"Public Rack - Chappel Ave & 71st St","7","casual"
"Public Rack - Ashland Ave & 46th St","7","casual"
"Public Rack - Kimball & Ardmore","7","casual"
"Public Rack - Chase Ave & Touhy Ave - NE","7","casual"
"Public Rack - 63rd St and Nagle Ave","7","casual"
"Public Rack - California Ave & Devon Ave - NE","7","casual"
"Western Ave & 81st St","7","casual"
"Public Rack - Lorel Ave & Grand Ave","7","member"
"Public Rack - Narragansett Ave & Fullerton Ave","7","casual"
"Public Rack - Jeffrey Blvd & 71st St","7","member"
"Wood St & 84th St","7","member"
"Public Rack - Oglesby Ave & 95th St","7","member"
"Public Rack - Northwest Hwy & Neva Ave","7","casual"
"Mango Ave & Grand Ave","7","member"
"Milwaukee Ave & Wabansia Ave*","7","casual"
"Public Rack - Hiawatha & Mendota","7","casual"
"Public Rack - Lockwood Ave & Diversey Ave","7","casual"
"Public Rack - St Louis & Lincoln","7","casual"
"Public Rack - Hollywood Park","7","casual"
"Sacramento Ave & Linden Pl","7","casual"
"Public Rack - Kostner Ave & North Ave","7","casual"
"Public Rack - State ST & 42nd St","7","casual"
"Public Rack - Cottage Grove & 84th St","7","casual"
"Public Rack - Harlem & Palatine","7","member"
"Public Rack - Exchange Ave & 73rd Pl","7","member"
"Public Rack - N Narragansett Ave & Grand Ave","7","casual"
"Homewood Ave & 115th St","7","member"
"Public Rack - Hamlin Ave & Chicago Ave","7","member"
"Shields Ave & 57th St","7","casual"
"Public Rack - Ewing Ave & 99th St","7","member"
"Public Rack - Oketo & Talcott","7","casual"
"Public Rack - Norwood Park","7","casual"
"Public Rack - Jeffrey Blvd & 71st St","7","casual"
"Public Rack - Lafayette Ave & 95th St","7","member"
"Public Rack - Nordica & Archer","7","casual"
"Public Rack - Lynch & Elston","7","casual"
"Public Rack - Lowe Park","7","member"
"Public Rack - Lafayette Ave & 87th St - NW","7","member"
"Public Rack - Brandon Ave & 91st St","7","member"
"Public Rack - Homan Ave & Lake St","6","member"
"Public Rack - Pullman - Walmart","6","casual"
"Public Rack - Bryn Mawr Ave & Milwaukee Ave","6","casual"
"Public Rack - 111th St - Morgan Park Metra","6","casual"
"Public Rack - Langley Ave & 105th Pl","6","casual"
"Commercial Ave & 97th St","6","casual"
"Hastings St Depot LWS","6","casual"
"Public Rack - Calumet Ave & 51st St","6","member"
"Public Rack - Central Ave & North Ave","6","member"
"Public Rack - Central Ave & Pensacola Ave","6","casual"
"Public Rack - Central Park & Peterson","6","casual"
"Public Rack - Sayer & Northwest Hwy","6","casual"
"Public Rack - Milwaukee Ave & Addison St","6","member"
"Avenue O & 118th St","6","member"
"Public Rack - Chopin Park","6","casual"
"Public Rack - N. Oakview and W. Gregory St","6","casual"
"Public Rack - Christiana Ave & Bryn Mawr Ave","6","member"
"Public Rack - Christiana Ave & Lawrence Ave","6","casual"
"Public Rack - Ozark Ave & Addison St","6","casual"
"Public Rack - King Dr & Oakwood Blvd","6","casual"
"Springfield Ave & 80th St","6","member"
"Public Rack - Cicero Ave & Cortland St - midblock","6","member"
"Milwaukee Ave & Diversey Ave","6","casual"
"Public Rack - Ottowa Ave & Touhy Ave","6","member"
"Carpenter St & 63rd St","6","member"
"Public Rack - Commercial Ave & 89th St","6","member"
"Public Rack - Neenah & Dakin","6","casual"
"South Chicago Ave & Elliot Ave","6","member"
"Public Rack - Talman Ave & 51st St","6","member"
"Baltimore Ave & 133rd St","6","member"
"Rhodes Ave & 71st St","6","casual"
"Shields Ave & 57th St","6","member"
"Public Rack - Torrence Ave & 98th St","6","member"
"Public Rack - Milwaukee Ave & Leland Ave","6","member"
"Public Rack - Touhy Ave & Oconto Ave","6","member"
"Public Rack - Milwaukee Ave & Sunnyside Ave","6","casual"
"Public Rack - Oketo & Talcott","6","member"
"Public Rack - Ewing Ave & Indianapolis Ave","6","casual"
"Madison St & Wells St","6","member"
"Public Rack - Wentworth Ave & 103rd St","6","casual"
"Public Rack - Kedzie Ave & 64th St - SE","6","casual"
"Public Rack - Norwood Park Station ","6","member"
"Public Rack - Halsted St & 76th St","6","casual"
"Public Rack - Monticello & Lawrence","6","casual"
"Public Rack - Harlem & Summerdale","6","casual"
"Public Rack - Kedvale Ave & Avondale Ave","6","member"
"Public Rack - Laramie Ave & Fullerton Ave","6","casual"
"Public Rack - Northwest Hwy & Bryn Mawr","6","casual"
"Public Rack - Western Ave & 96th St","6","member"
"Public Rack - Independence Blvd & Roosevelt","6","member"
"Vincennes Ave & 107th St","6","member"
"Public Rack - Austin Ave & Roscoe St","6","casual"
"Kilbourn Ave & 49th St","6","member"
"Public Rack - Melvina Ave & Montrose Ave","6","casual"
"Franciso Ave & Bloomingdale Ave","6","casual"
"Public Rack - Pratt Ave & Odell Ave","6","member"
"Public Rack - Normal Blvd & 61st Pl","6","member"
"Public Rack - Martin Luther King Dr & 44th St","6","member"
"Public Rack - Montrose Ave & Lavergne Ave","5","casual"
"Public Rack - Forest Glen & Peterson","5","casual"
"Public Rack - Legler Regional Library","5","member"
"Public Rack - Whipple St & 63rd St","5","casual"
"Public Rack - Wentworth Ave & 79th St","5","member"
"Public Rack - Ashland Ave & 71st St","5","casual"
"Public Rack - Kedzie Ave & 58th St","5","member"
"Public Rack - Central Park Ave & Fillmore St","5","member"
"Public Rack - Laramine Ave & Winnemac Ave","5","member"
"Public Rack - Prairie Ave & Garfield Blvd S","5","member"
"Public Rack - Michigan Ave & 119th St","5","casual"
"Public Rack - Kedzie Ave & 54th St - SE","5","casual"
"Ada St & 113th Place","5","member"
"LaSalle St & Washington St Corral S","5","member"
"Public Rack - Central Ave & Corcoran Pl","5","member"
"Olive Harvey College","5","member"
"Public Rack - Central Ave & Corcoran Pl","5","casual"
"Public Rack - Imlay & Milwaukee","5","casual"
"Public Rack - Irving Park Rd & Austin Ave","5","casual"
"Public Rack - Central & Berteau","5","casual"
"Public Rack - Maryland Ave & 87th ST","5","member"
"Public Rack - Narragansett Ave & Fullerton Ave","5","member"
"Parnell Ave & 127th St","5","member"
"Public Rack - 63rd Pl & Narraganssett Ave","5","casual"
"Hamilton Park","5","member"
"Public Rack - 4810 Keeler Ave","5","member"
"Public Rack - Menard Ave & Grand Ave","5","casual"
"Public Rack - Jeffery Blvd & 83rd St","5","member"
"Madison St & Wells St","5","casual"
"Public Rack - Newcastle Ave & Belmont Ave","5","casual"
"Public Rack - Komensky Ave & 59th St","5","casual"
"Public Rack - Kildare Ave & Washignton Blvd","5","casual"
"Public Rack - Karlov Ave & Lawrence Ave","5","casual"
"Public Rack - Kostner & Peterson","5","member"
"Public Rack - Plainfield Ave & Irving Park Rd","5","casual"
"Public Rack - Avers & Granville","5","casual"
"Halsted St & 111th St","5","member"
"Public Rack - Rockwell & 111th St","5","casual"
"Public Rack - 85th Pl & Pulaski Rd","5","casual"
"Public Rack - Aida Food Market","5","member"
"Public Rack - Prairie Ave & Garfield Blvd S","5","casual"
"Public Rack - Eberhart Ave & 61st St","5","member"
"Public Rack - Eli Whitney Public School","5","member"
"Public Rack - Division St & Christiana Ave","5","member"
"Public Rack - Elston Ave & Gunnison St","5","casual"
"Public Rack - Emerald Ave & 45th St","5","casual"
"Greenwood Ave & 97th St","5","member"
"Public Rack - Yates Ave & 100th St","5","member"
"Public Rack - Division St & Christiana Ave","5","casual"
"Public Rack - Irving Park Rd & Parkside Ave","5","casual"
"Public Rack - Homan Ave & Lake St","5","casual"
"Public Rack - William J Onahan Public School","5","member"
"Public Rack - Milwaukee Ave & Sunnyside Ave","5","member"
"Public Rack - Neola & Northwest Hwy","5","casual"
"Public Rack - Linder Ave & 64th Pl","5","member"
"Public Rack - Exchange Ave & 73rd Pl","5","casual"
"Public Rack - Milwaukee Ave & Lawrence Ave","5","member"
"Public Rack - Nordica Ave & Addison St","5","casual"
"Public Rack - Waller Ave & Chicago Ave","5","member"
"Public Rack - Leader & Caldwell","5","member"
"Public Rack - Milwaukee Ave & Waveland Ave","5","casual"
"Public Rack - Ford City Mall","5","member"
"Mozart St & 79th St","5","member"
"Public Rack - Sayer & Northwest Hwy","5","member"
"Public Rack - Laramie Ave & Grand Ave","4","casual"
"Public Rack - Laramine Ave & Winnemac Ave","4","casual"
"Public Rack - Legler Regional Library","4","casual"
"Public Rack - Linder Ave & Belmont Ave","4","casual"
"Public Rack - Midway Orange Line","4","member"
"Public Rack - Montrose Ave & Lavergne Ave","4","member"
"Public Rack - Mulligan & Northwest Hwy","4","member"
"Public Rack - Kostner Ave & Wrightwood Ave","4","member"
"Public Rack - Nina Ave & Avondale Ave","4","member"
"Public Rack - Nordica Ave & Higgins Ave","4","member"
"Public Rack - Parkside & 63rd","4","casual"
"Public Rack - Parkside & Elston","4","member"
"Public Rack - Penn Elementary School / KIPP Ascend Middle School","4","casual"
"Public Rack - Pulaski & 74th","4","member"
"Public Rack - Pulaski & 84th","4","member"
"Public Rack - Pulaski & Rosemont","4","casual"
"Public Rack - Pulaski Rd & Lake St","4","casual"
"Public Rack - Pullman Community Center","4","casual"
"Public Rack - Rockwell Ave & 71st St","4","member"
"Public Rack - Kolin Ave & Archer Ave","4","casual"
"Public Rack - Kingston Ave & 75th St","4","member"
"Public Rack - Springfield & 79th","4","casual"
"Public Rack - Talman Ave & Pershing Rd","4","member"
"Public Rack - Throop St & 58th St","4","casual"
"Public Rack - Wabash Ave & 87th St","4","casual"
"Public Rack - Wentworth Park","4","casual"
"Public Rack - Western Ave & 118th St","4","member"
"Public Rack - William J Onahan Public School","4","casual"
"Public Rack - Kedzie Ave & Archer Ave","4","member"
"Public Rack - Kedzie Ave & Archer Ave","4","casual"
"Public Rack - Kedzie Ave & 58th St","4","casual"
"Public Rack - Irving Park Rd & Melvina Ave","4","casual"
"Public Rack - Independence Blvd & Roosevelt","4","casual"
"Public Rack - Houston Ave & 131st St","4","casual"
"Aberdeen St & 103rd St","4","member"
"Public Rack - Hiawatha Ave & Minnehaha Ave","4","casual"
"Public Rack - Hiawatha & Mendota","4","member"
"Public Rack - Harper Ave & 63rd St","4","member"
"Public Rack - Hamlin Ave & Madison St","4","casual"
"Public Rack - Halsted St & 63rd St","4","casual"
"Public Rack - Ewing Ave & 107th St","4","member"
"Public Rack - Elston Ave & Kenneth Ave","4","casual"
"Public Rack - Elston Ave & Gunnison St","4","member"
"Public Rack - Damen Ave & 47th St","4","member"
"Public Rack - Cottage Grove Ave & 92nd St","4","member"
"Public Rack - Cottage Grove Ave & 92nd St","4","casual"
"Public Rack - Cicero Ave & Wrightwood Ave","4","member"
"Public Rack - Cicero Ave & Cortland St - midblock","4","casual"
"Public Rack - Christiana Ave & Bryn Mawr Ave","4","casual"
"Public Rack - Chase Ave & Touhy Ave - NW","4","member"
"Public Rack - Central Park Ave & Fulton Blvd","4","member"
"Public Rack - Central Park Ave & Fulton Blvd","4","casual"
"Public Rack - Central Park & Bryn Mawr","4","casual"
"Public Rack - Canfield & Victoria","4","casual"
"Public Rack - California Ave & Devon Ave - NW","4","casual"
"Torrence Ave & 106th St","4","member"
"Torrence Ave & 126th Pl","4","member"
"Public Rack - Avers & Granville","4","member"
"Public Rack - Austin Ave & Wrightwood Ave","4","member"
"Public Rack - Ashland Ave & 71st St","4","member"
"Public Rack - Ashland Ave & 63rd St","4","member"
"Public Rack - Al Raby School","4","member"
"Michigan Ave & 114th St","4","member"
"Michigan Ave & 113th St","4","member"
"Michigan Ave & 108th St","4","member"
"Menard Ave & North Ave","4","member"
"Major Taylor Trail & 124th St","4","member"
"Major Taylor Trail & 111th St","4","member"
"Wentworth Ave & 104th St","4","casual"
"Wentworth Ave & 104th St","4","member"
"Lavergne Ave & 44th St","4","member"
"Hubbard St Depot","4","casual"
"Homan Ave & 65th St","4","member"
"Halsted St & 93rd St","4","member"
"Francisco Ave & 85th St","4","member"
"Altgeld Gardens","4","member"
"Public Rack - Lawndale Ave & Polk St","3","member"
"Public Rack - Cottage Grove Ave & 89th Pl","3","member"
"Kedzie Ave & 104th St","3","member"
"Public Rack - Cicero Ave & Roscoe St","3","member"
"Public Rack - Harper Ave & 63rd St","3","casual"
"Public Rack - Oketo & Northwest Hwy","3","member"
"Public Rack - Lemont Ave & Keating Ave","3","member"
"Public Rack - St Louis Ave & Flournoy St","3","member"
"Public Rack - Michigan Ave & 96th St","3","casual"
"Public Rack - Halsted St & 95th St - SE","3","casual"
"Public Rack - Kostner & Bryn Mawr","3","member"
"Public Rack - Sawyer Ave & Chicago Ave","3","member"
"Public Rack - Troy & 71st","3","member"
"Homan Ave & 77th St","3","member"
"Public Rack - Eli Whitney Public School","3","casual"
"Public Rack - Imlay & Milwaukee","3","member"
"Public Rack - Halsted St & 80th St","3","casual"
"Public Rack - Octavia Ave & Touhy Ave","3","casual"
"Public Rack - Fullerton Ave & Lavergne Ave","3","member"
"Public Rack - 2302 S Pulaski Rd","3","member"
"Public Rack - Kostner & Peterson","3","casual"
"Public Rack - King Dr & 71st St","3","casual"
"Public Rack - Menard Ave & Dakin St - midblock","3","member"
"Public Rack - Menard Ave & Belmont Ave","3","member"
"Public Rack - Menard Ave & Agusta Blvd","3","member"
"Public Rack - California Ave & Pershing Rd","3","casual"
"Public Rack - Langley Ave & 79th St","3","member"
"Public Rack - Northwest Hwy & Bryn Mawr","3","member"
"Steelworkers Park (Updated)","3","member"
"Public Rack - Austin Ave & Roscoe St","3","member"
"Public Rack - Melvina Ave & Belmont Ave","3","member"
"Public Rack - Normandy Ave & Archer Ave","3","member"
"Public Rack - Komensky Ave & 63rd St","3","casual"
"Public Rack - McVicker Ave & Grand Ave","3","member"
"Public Rack - Pulaski Rd & 65th St","3","casual"
"Public Rack - Hamilton Ave & 95th St","3","member"
"Public Rack - Walden Pkwy & 99th St","3","casual"
"Public Rack - Lawndale Ave & 23rd St","3","member"
"Public Rack - Richard Daley College","3","member"
"Public Rack - Central Park Ave & Fillmore St","3","casual"
"Public Rack - Exchange Ave & 131st St","3","member"
"Public Rack - Nina Ave & Avondale Ave","3","casual"
"S Michigan Ave & E 118th St","3","member"
"Public Rack - Green St & 103rd St","3","casual"
"Public Rack - Harlem and W. 59th","3","member"
"Public Rack - California & 71st","3","member"
"Public Rack - Cicero Ave & Altgeld St","3","member"
"Public Rack - Martin Luther King Dr & 69th St","3","casual"
"Eggleston Ave & 92nd St","3","member"
"Public Rack - Hoyne Ave & 110th Pl","3","casual"
"Public Rack - Kingston Ave & 75th St","3","casual"
"Public Rack - Ashland Ave & 46th St","3","member"
"Public Rack - Foster Ave & Drake Ave","3","member"
"Lavergne Ave & 46th St","3","member"
"Public Rack - Hiawatha Park","3","member"
"Public Rack - Homan & 79th","3","member"
"Public Rack - Pulaski & 52nd","3","member"
"Public Rack - Marquette Rd & 67th St","3","casual"
"Public Rack - Brooks Park","3","member"
"Public Rack - Halsted St & 95th St - SW","3","member"
"Public Rack - Ford City Mall","3","casual"
"Public Rack - Neva Ave & Grand Ave","3","member"
"Public Rack - Kedzie Ave & 64th St - SE","3","member"
"Public Rack - Kedzie Ave & 64th St - SW","3","casual"
"Public Rack - Harlem & Summerdale","3","member"
"Public Rack - Houston Ave & 130th St","3","member"
"Public Rack - Linder Ave & Archer Ave","3","casual"
"Public Rack - 63rd Pl & Narraganssett Ave","3","member"
"Public Rack - Racine Ave & 74th St","3","casual"
"Public Rack - Devon Ave & Central Ave","3","member"
"Public Rack - Loomis Blvd & 47th St","3","member"
"Public Rack - Mackinaw Ave & 108th St","3","casual"
"Public Rack - Neva & Foster","3","casual"
"Lasalle St & Washington St","3","casual"
"Public Rack - Neola & Northwest Hwy","3","member"
"MTV Hubbard St","3","member"
"Public Rack - Ewing Ave & 95th St","3","member"
"Public Rack - Forrestville Ave & 47th St","3","member"
"Public Rack - Halsted St & 41st St","3","casual"
"Public Rack - 63rd & Western Ave N","3","member"
"Public Rack - Langley Ave & 105th Pl","3","member"
"Public Rack - Chase Ave & Touhy Ave - NW","3","casual"
"Public Rack - Bishop St & 46th St","3","member"
"Public Rack - Kedvale Ave & Peterson Ave","3","member"
"Public Rack - Damen Ave & 47th St","3","casual"
"Public Rack - Ozanam Ave & Devon Ave","3","member"
"Public Rack - Central Ave & George St","3","member"
"Public Rack - N Narragansett Ave & Grand Ave","3","member"
"Public Rack - Strohacker Park","3","member"
"Public Rack - Cumberland & Catherine","3","member"
"Public Rack - Western Ave & 116th St","3","member"
"Public Rack - Bensley Ave & 103rd St","3","member"
"Public Rack - Avers Ave & Ogden Ave","3","member"
"Public Rack - Bell Ave & 95th St","3","member"
"Public Rack - Kenton & Lawrence","3","casual"
"Public Rack - Halsted St & 95th St - SW","3","casual"
"Public Rack - Central & Prescott","3","member"
"Public Rack - Central & Prescott","3","casual"
"Public Rack - Osceola Ave & Touhy Ave","3","member"
"Public Rack - Wrightwood Metra Station","3","casual"
"Public Rack - Pulaski Rd & 65th St","3","member"
"Public Rack - Chase Ave & Touhy Ave - NE","3","member"
"Public Rack - Jeffery Blvd & 83rd St","3","casual"
"Public Rack - Baltimore Ave & 132nd St","3","member"
"Woodlawn & 103rd","3","member"
"Public Rack - Minnehaha Ave & Devon Ave","3","casual"
"Public Rack - Halsted St & 95th St - SE","3","member"
"Public Rack - S Menard & W 63rd","3","member"
"Public Rack - Nagle Ave & Belmont Ave","2","casual"
"Public Rack - Lafayette Ave & 119th St","2","casual"
"Public Rack - N Sayre Ave & W Belden Ave","2","member"
"Public Rack - Elston Ave & Kenneth Ave","2","member"
"Public Rack - Sacramento & 71st","2","member"
"Public Rack - S. New England/ W. 65th","2","member"
"Public Rack - Lafayette Ave & 87th St SW","2","member"
"Public Rack - Mobile Ave & Archer Ave","2","member"
"Public Rack - Tuley (Murray) Park","2","member"
"Public Rack - Laflin St & 79th St","2","member"
"Public Rack - Laflin St &51st ST","2","member"
"Public Rack - Canfield & Victoria","2","member"
"Public Rack - Lake Shore Dr & Hayes Dr","2","member"
"Public Rack - Lamon Ave & Archer Ave","2","member"
"Public Rack - S Menard & W 63rd","2","casual"
"Public Rack - Michigan Ave & 119th St","2","member"
"S Wentworth Ave & W 111th St","2","member"
"Public Rack - Calumet Ave & 103rd St","2","member"
"Public Rack - Eberhart Ave & 61st St","2","casual"
"Hamlin Ave & 62nd Pl","2","member"
"Public Rack - California Ave & Touhy Ave - NW","2","member"
"Public Rack - California Ave & Touhy Ave - midblock","2","member"
"Public Rack - Roswell B. Mason Elementary School","2","member"
"Halsted St & 123rd St","2","member"
"Public Rack - Western Ave & 111th St - SW","2","casual"
"Public Rack - Melvina Ave & Montrose Ave","2","member"
"Public Rack - Lynch & Elston","2","member"
"Public Rack - East End Ave & 75th St","2","member"
"Public Rack - Homan Ave & 111th St","2","casual"
"Public Rack - Tripp Ave & North Ave","2","casual"
"Public Rack - Torrence Ave & 98th St","2","casual"
"Public Rack - Mason Ave & Roosevelt Rd","2","member"
"Public Rack - Laramie Ave & Fullerton Ave","2","member"
"Public Rack - Mason Ave & Roosevelt Rd","2","casual"
"Public Rack - California & 87th","2","member"
"Public Rack - Mason Ave & Milwaukee Ave","2","casual"
"Public Rack - California & 82nd","2","member"
"Public Rack - Burnside Academy","2","member"
"Eggleston Ave & 115th St","2","member"
"Public Rack - Martin Luther King Dr & 44th St","2","casual"
"Public Rack - Buffalo Ave & 89th St","2","casual"
"Public Rack - Buffalo Ave & 133rd St","2","member"
"Eberhart Ave & 131st St","2","member"
"Public Rack - Rhodes Ave & 79th St","2","casual"
"Public Rack - Racine Ave & 74th St","2","member"
"Public Rack - Maplewood Ave & 63rd St","2","member"
"Public Rack - Devon Ave & Kinzua Ave","2","member"
"Public Rack - Mackinaw Ave & 108th St","2","member"
"Public Rack - Kedzie Ave & 63rd St","2","member"
"Public Rack - Kedzie Ave & 61st Pl W","2","member"
"Public Rack - Kedzie Ave & 61st Pl W","2","casual"
"Public Rack - Kedzie Ave & Arthington St","2","casual"
"Public Rack - Kedzie Ave & Arthington St","2","member"
"Public Rack - Kedzie Ave & Pershing Rd","2","casual"
"Public Rack - Torrence Ave & 103rd St","2","casual"
"Public Rack - Racine Ave & 109th Pl","2","casual"
"Public Rack - Halsted St & 41st St","2","member"
"Public Rack - Kedzie & 71st","2","member"
"Public Rack - Kedzie & 103rd St - W","2","casual"
"Public Rack - Damen & 81st","2","casual"
"Public Rack - Kedvale Ave & Avondale Ave","2","casual"
"Public Rack - Pulaski Rd & Stevens Ave","2","member"
"Public Rack - Keeler Ave & 26th St","2","casual"
"Public Rack - Kedvale Ave & 63rd St E","2","member"
"Public Rack - Cumberland & Catherine","2","casual"
"Public Rack - Karlov Ave & 26th St","2","casual"
"Public Rack - Western Ave & 105th St","2","casual"
"Public Rack - Baltimore Ave & 134th St","2","member"
"Public Rack - Wrightwood Metra Station","2","member"
"Public Rack - Wood St & 47th St","2","member"
"Public Rack - Wood St & 47th St","2","casual"
"Public Rack - Wood St & 103rd St","2","member"
"Public Rack - Wolcott Ave & 61st St","2","casual"
"Public Rack - Irving Park Rd & Parkside Ave","2","member"
"Public Rack - Talman Ave & Pershing Rd","2","casual"
"Public Rack - Halsted St & 102nd St","2","casual"
"Public Rack - Pulaski Rd & Roosevelt Rd","2","casual"
"Public Rack - Hoyne Ave & 51st St","2","member"
"Public Rack - Hale Ave & 111th St","2","casual"
"Public Rack - Linder Ave & Belmont Ave","2","member"
"Public Rack - Linder Ave & Archer Ave","2","member"
"Public Rack - Western Ave & 96th St","2","casual"
"Public Rack - Western & 83rd","2","member"
"Public Rack - Hoyne Ave & 110th Pl","2","member"
"Public Rack - Avenue J & 112th St","2","casual"
"Public Rack - Stony Island & 95th St","2","member"
"Public Rack - Avenue J & 106th St","2","member"
"Public Rack - Cottage Grove & 85th St","2","member"
"Public Rack - Western & 79th","2","casual"
"Public Rack - Stony Island & 95th St","2","casual"
"Public Rack - Higgins Ave & Neva Ave","2","member"
"Public Rack - Cornell Ave & 87th Pl","2","casual"
"Public Rack - Austin Ave & Wellington Ave","2","casual"
"Public Rack - Austin Ave & Archer Ave","2","member"
"Public Rack - Western Ave & 110th St","2","member"
"Public Rack - West Chatham Park","2","member"
"Public Rack - Austin & 62nd","2","member"
"Public Rack - Stony Island & 87th St","2","member"
"Public Rack - Stony Is Ave & 73rd St","2","member"
"Public Rack - Ashland Ave & 76th St","2","member"
"Public Rack - Ashland Ave & 76th St","2","casual"
"Public Rack - Langley Ave & 87th St","2","member"
"Public Rack - Colfax Ave & 83rd St","2","casual"
"Avenue L & 114th St","2","casual"
"Public Rack - Clyde Ave & 87th St","2","member"
"Public Rack - Ashland Ave & 63rd St","2","casual"
"Public Rack - Claremont Ave & 71st St","2","member"
"Public Rack - Forrestville Ave & 47th St","2","casual"
"Public Rack - State St & 47th st","2","member"
"Public Rack - Artesian & 71st","2","member"
"Public Rack - Albany Ave & 63rd St","2","member"
"Public Rack - Cicero Ave & Roscoe St","2","casual"
"Public Rack - Wentworth Park","2","member"
"Public Rack - Wentworth Ave & 103rd St","2","member"
"Public Rack - Kildare Ave & Washignton Blvd","2","member"
"Public Rack - Ada St & 119th St","2","casual"
"Public Rack - 85th Pl & Pulaski Rd","2","member"
"Public Rack - Pulaski Rd & 15th St","2","member"
"Public Rack - 63rd St and Natoma Ave","2","member"
"Public Rack - 63rd St and Natoma Ave","2","casual"
"Public Rack - 63rd St and Nagle Ave","2","member"
"Public Rack - Cicero & Rosemont","2","member"
"Public Rack - 63rd St & Meade Ave","2","member"
"Public Rack - St Louis & 83rd","2","casual"
"Public Rack - 61st St & Melvina Ave","2","member"
"Public Rack - Cicero & Rosemont","2","casual"
"Public Rack - 56th St & Mulligan Ave","2","casual"
"Public Rack - Cicero & 64th","2","member"
"Public Rack - Fairfield Ave & 63rd St","2","member"
"Public Rack - Prairie Ave & 85th St","2","member"
"Public Rack - Prairie Ave & 78th St","2","member"
"Public Rack - Springfield & 79th","2","member"
"Public Rack - Plainfield Ave & Irving Park Rd","2","member"
"Public Rack - Waller Ave & Chicago Ave","2","casual"
"Public Rack - 10101 S Stony Island Ave","2","member"
"Public Rack - Walden Pkwy & 99th St","2","member"
"Plainfield & Irving Park","2","casual"
"Public Rack - Peterson Ave & Milwaukee Ave","2","casual"
"Public Rack - Kostner Ave & 16th St","2","casual"
"Public Rack - Peterson Ave & Drake Ave","2","casual"
"Public Rack - Peoria St & 60th St","2","member"
"Public Rack - Wabash Ave & 87th St","2","member"
"Public Rack - W. Talcott & N. Oriole","2","member"
"Public Rack - Hamlin Ave & Madison St","2","member"
"Public Rack - Homan Ave & Roosevelt","2","member"
"Public Rack - Chopin Park","2","member"
"Public Rack - Homan Ave & Roosevelt","2","casual"
"Public Rack - Leoti Ave & Central Ave (south)","2","member"
"Public Rack - Ozman & Talcott","2","member"
"Public Rack - Ozman & Talcott","2","casual"
"Public Rack - Ozanam Ave & Devon Ave","2","casual"
"Public Rack - Overhill Ave & Touhy Ave","2","member"
"Public Rack - Lawndale Ave & Roosevelt","2","casual"
"Public Rack - Orville T Bright School","2","member"
"Public Rack - Lawndale Ave & Polk St","2","casual"
"Public Rack - Sayre Ave & 59th St","2","member"
"Public Rack - Oketo & Northwest Hwy","2","casual"
"Public Rack - Ingleside Ave & 79th St","2","member"
"Public Rack - Oakley & 79th Pl","2","member"
"Public Rack - Loomis Blvd & 47th St","2","casual"
"Public Rack - Northwest Hwy & Raven St","2","casual"
"Public Rack - Indiana Ave & 111th St","2","member"
"Public Rack - Western Ave & 118th St","2","casual"
"Public Rack - Leoti Ave & Central Ave (north)","2","member"
"State St & 123rd St","2","member"
"State St & 127th St","2","member"
"Public Rack - Central Park Ave & 16th St","2","member"
"Public Rack - Newland Ave & Diversey Ave","2","casual"
"Public Rack - Sawyer Ave & 111th St","2","member"
"Public Rack - Central Park & Bryn Mawr","2","member"
"Public Rack - Newcastle Ave & Belden Ave","2","member"
"Public Rack - Emil G Hirch Metropolitan High School","2","member"
"Public Rack - Newcastle & Archer","2","member"
"Public Rack - Sawyer Ave & 111th St","2","casual"
"Public Rack - Vincennes Ave & 77th St","2","member"
"Public Rack - Laramie Ave & Warwick Ave","2","casual"
"Public Rack - Central Ave & North Ave","2","casual"
"Public Rack - Neva Ave & Grand Ave","2","casual"
"Public Rack - Sacramento Blvd & Washington Blvd","2","casual"
"LaSalle St & Washington St Corral S","2","casual"
"Public Rack - Neenah & Archer","2","member"
"Public Rack - Kostner Ave & Wrightwood Ave","2","casual"
"Public Rack - Nagle Ave & Belmont Ave","2","member"
"Public Rack - May St & 78th St","1","casual"
"Public Rack - Mason Ave & Milwaukee Ave","1","member"
"Public Rack - Mason & Archer","1","casual"
"Public Rack - Maryland Ave & 87th ST","1","casual"
"Public Rack - Martin Luther King Dr & 69th St","1","member"
"Eggleston Ave & 111th St","1","member"
"Public Rack - Marshfield Ave & 87th St","1","member"
"Public Rack - Marshfield Ave & 87th St","1","casual"
"Public Rack - Marshfield Ave & 45th St","1","member"
"Public Rack - Marshfield Ave & 45th St","1","casual"
"Public Rack - Marquette Ave & 83rd St","1","casual"
"Public Rack - Maplewood Ave & 63rd St","1","casual"
"Public Rack - Kedzie Ave & 62nd Pl","1","member"
"Public Rack - Kedzie Ave & 61st Pl E","1","member"
"Public Rack - Kedzie Ave & 61st Pl E","1","casual"
"Public Rack - Kedzie Ave & 83rd St","1","member"
"Public Rack - Kedzie Ave & Pershing Rd","1","member"
"Public Rack - Kedzie Ave & Walnut St","1","casual"
"Public Rack - Kedzie Ave & 54th Pl","1","member"
"Public Rack - Kedzie & 73rd","1","member"
"Public Rack - Kedzie & 103rd St - W","1","member"
"Public Rack - Kedzie & 103rd St - East","1","member"
"Public Rack - Kedvale Ave & Peterson Ave","1","casual"
"Public Rack - Keef Ave & South Chicago Ave","1","member"
"Public Rack - Kedvale Ave & Addison St","1","member"
"Public Rack - Keeler Ave & 26th St","1","member"
"Public Rack - Kedvale Ave & 26th St","1","member"
"Public Rack - Keeler Ave & 55th St","1","member"
"Public Rack - Keeler Ave & Madison St S","1","member"
"Public Rack - Zapata Academy","1","member"
"Public Rack - Yates Ave & 100th St","1","casual"
"Public Rack - Jeffery Blvd & 81st St","1","member"
"Public Rack - Winona St & Elston Ave","1","member"
"Public Rack - Wolcott Ave & 56th St","1","member"
"Public Rack - Irving Park Rd & Melvina Ave","1","member"
"Public Rack - Mackinaw Ave & 106th St","1","member"
"Public Rack - Winona St & Elston Ave","1","casual"
"Public Rack - Winchester Ave & 87th St","1","member"
"Public Rack - Irving Park Rd & Austin Ave","1","member"
"Public Rack - William Rainey Harper High School","1","member"
"Public Rack - Ingleside Ave & 79th St","1","casual"
"Public Rack - Indiana Ave & 111th St","1","casual"
"Public Rack - Wilbur Wright College North","1","member"
"Public Rack - Mackinaw Ave & 106th St","1","casual"
"Public Rack - Wilbur Wright College North","1","casual"
"Public Rack - Western Blvd & 53rd St","1","casual"
"Public Rack - Kilbourn Ave & Fullerton Ave","1","member"
"Public Rack - Houston Ave & 131st St","1","member"
"Public Rack - Houston Ave & 130th St","1","casual"
"Public Rack - Homewood Ave & Monterey Ave","1","member"
"Public Rack - Homewood Ave & Monterey Ave","1","casual"
"Rockwell St & Division St","1","member"
"Public Rack - Kildare Ave & 63rd St","1","casual"
"Public Rack - Kildare Ave & Division Ave","1","casual"
"Public Rack - Homan Ave & 26th St","1","member"
"Public Rack - Homan & 77th","1","member"
"Public Rack - Kildare Ave & North Ave","1","casual"
"Public Rack - Western Ave & 98th St","1","member"
"Public Rack - Holbrook St & Milwaukee Ave","1","casual"
"Public Rack - Hiawatha Park","1","casual"
"Public Rack - Hiawatha Ave & Minnehaha Ave","1","member"
"Public Rack - Lowe Ave & 98th St","1","member"
"Public Rack - Lowe Ave & 94th St","1","member"
"Public Rack - Western Ave & 79th St","1","casual"
"S Aberdeen St & W 106th St","1","member"
"Public Rack - Harvey Ave & North Ave","1","member"
"Public Rack - Harvey Ave & North Ave","1","casual"
"Public Rack - Western Ave & 111th St - SE","1","member"
"Public Rack - Western Ave & 111th St - SE","1","casual"
"Public Rack - Harvard Ave & 119th St","1","casual"
"Public Rack - Harriet E Sayre Public School","1","member"
"Public Rack - Lowe Ave & 94th St","1","casual"
"Public Rack - Harlem and W. 59th","1","casual"
"Public Rack - Western Ave & 111th St - NW","1","casual"
"Public Rack - Western Ave & 110th St","1","casual"
"Public Rack - Harding Ave & 47th St","1","member"
"Public Rack - Loomis St & 87th St","1","casual"
"Public Rack - Hamlin Ave & Grand Ave","1","casual"
"Public Rack - Western Ave & 107th St","1","member"
"Public Rack - Western Ave & 107th Pl","1","member"
"Public Rack - Hamlin & 72nd","1","member"
"Public Rack - Hamilton Park","1","member"
"Public Rack - Hamilton Ave & 95th St","1","casual"
"Public Rack - Western Ave & 106th St - West","1","casual"
"Public Rack - Halsted St & 94th St","1","member"
"Public Rack - Western Ave & 106th St - East","1","member"
"Public Rack - Halsted St & 64th St","1","member"
"Public Rack - Western Ave & 106th St - East","1","casual"
"Public Rack - Halsted St & 64th St","1","casual"
"Public Rack - Western Ave & 105th St","1","member"
"Public Rack - Halsted St & 113th St","1","casual"
"Public Rack - Hale Ave & 111th St","1","member"
"Public Rack - Haft Ave & Milwaukee Ave","1","member"
"Public Rack - Haft Ave & Milwaukee Ave","1","casual"
"Public Rack - Western Ave & 100th St","1","member"
"Public Rack - Greenwood Ave & 87th St","1","member"
"Public Rack - Grand Ave & North Ave","1","member"
"Public Rack - Western & 74th","1","member"
"Public Rack - Western & 74th","1","casual"
"Public Rack - Foster Ave & Drake Ave","1","casual"
"Public Rack - Washtenaw Ave & 63rd St","1","casual"
"Public Rack - W. Talcott & N. Oriole","1","casual"
"Public Rack - Ewing Ave & 99th St","1","casual"
"Public Rack - Ewing Ave & 96th St N","1","member"
"Public Rack - Ewing Ave & 95th St","1","casual"
"Public Rack - Ewing Ave & 112th St","1","member"
"Public Rack - Vincennes Ave & 95th Pl","1","casual"
"Public Rack - Ewing Ave & 106th St NW","1","casual"
"Public Rack - Ewing Ave & 106th St","1","casual"
"Public Rack - Vincennes Ave & 91st St","1","member"
"Public Rack - Vincennes Ave & 77th St","1","casual"
"Public Rack - Longwood Dr & 95th St","1","casual"
"Public Rack - Longwood Dr & 111th St","1","member"
"Public Rack - Ellis Ave & Doty Ave","1","member"
"Public Rack - Ellis Ave & 132nd Pl","1","member"
"Public Rack - Elizabeth St & 115th St","1","casual"
"Public Rack - Tripp Ave & North Ave","1","member"
"Public Rack - Eberhart Ave & 131st St","1","member"
"Public Rack - East End Ave & 87th St","1","casual"
"Public Rack - Drexel Ave & 87th St","1","member"
"Public Rack - Devon Ave & Minnehaha Ave (east)","1","member"
"Public Rack - Devon Ave & Kinzua Ave","1","casual"
"Public Rack - Torrence Ave & 103rd St","1","member"
"Public Rack - Torrence Ave  & 106th St","1","member"
"Public Rack - Throop St & 58th St","1","member"
"Central Park Ave & 66th St","1","member"
"Public Rack - Crandon Ave & 80th St","1","member"
"Public Rack - The Montessori School of Englewood","1","member"
"Public Rack - Cottage Grove Ave & 98th St","1","member"
"Public Rack - Cottage Grove Ave & 98th St","1","casual"
"Public Rack - Cottage Grove Ave & 91st St","1","member"
"Public Rack - Cottage Grove Ave & 87th St","1","member"
"Public Rack - Cottage Grove Ave & 87th St","1","casual"
"Public Rack - Cottage Grove Ave & 111th St","1","member"
"Public Rack - Cottage Grove Ave & 111th St","1","casual"
"Public Rack - Cottage Grove & 86th St","1","casual"
"Public Rack - Cottage Grove & 85th St","1","casual"
"Public Rack - Cottage Grove & 84th St","1","member"
"Public Rack - Cornell Ave & 87th Pl","1","member"
"Public Rack - Corliss Ave & 133rd St","1","member"
"Public Rack - Corliss Ave & 103rd St","1","member"
"Public Rack - Commercial Ave & 89th St","1","casual"
"Public Rack - Clyde Ave & 87th St","1","casual"
"Public Rack - Stewart Ave & 123rd St","1","casual"
"Public Rack - Cicero Ave & Wrightwood Ave","1","casual"
"Public Rack - Cicero Ave & Wellington Ave","1","member"
"Public Rack - St Louis Ave & Flournoy St","1","casual"
"Public Rack - St Louis & Columbus","1","member"
"Canal St & Lake St","1","member"
"Public Rack - Cicero Ave & Altgeld St","1","casual"
"Public Rack - St Louis & 83rd","1","member"
"Public Rack - King Dr & 83rd St","1","member"
"Public Rack - Springfield & 71st","1","member"
"Public Rack - Springfield & 71st","1","casual"
"Public Rack - Linder Ave & 51st St","1","member"
"Public Rack - Christiana Ave & Archer Ave","1","member"
"Public Rack - Christiana Ave & 111th St","1","member"
"Public Rack - Spaulding Ave & Foster Ave","1","casual"
"Public Rack - Kinzua Ave & Devon Ave","1","casual"
"Public Rack - Kinzua Ave & Devon Ave","1","member"
"Public Rack - Spaulding Ave & 71st St","1","member"
"Public Rack - Kolin Ave & Archer Ave","1","member"
"Public Rack - Komensky Ave & 26th St","1","casual"
"Public Rack - Champlain Ave & 134th St","1","member"
"Public Rack - Champlain Ave & 134th St","1","casual"
"Public Rack - Leoti Ave & Central Ave (south)","1","casual"
"Public Rack - Sawyer Ave & Bryn Mawr Ave - SW","1","casual"
"Public Rack - Komensky Ave & 26th St","1","member"
"Public Rack - Central Park Ave & 16th St","1","casual"
"Burling St & Diversey Pkwy*","1","casual"
"Public Rack - Saginaw Ave & 93rd St","1","member"
"Public Rack - Saginaw Ave & 93rd St","1","casual"
"Public Rack - Central Ave & George St","1","casual"
"Public Rack - Sacramento Ave & Greenleaf Ave","1","member"
"Public Rack - Central Ave & Congress Pkwy","1","member"
"Public Rack - S. Kilpatrick and W. 79th","1","member"
"Public Rack - Central & Berteau","1","member"
"Public Rack - Calumet Ave & Garfield Blvd","1","member"
"Public Rack - Calumet Ave & 71st St","1","member"
"Public Rack - S Kostner Ave & W 18th Pl","1","member"
"Public Rack - Rutherford & 53rd","1","member"
"Public Rack - California Ave & Touhy Ave - SW","1","member"
"Public Rack - California Ave & Touhy Ave - SW","1","casual"
"Public Rack - Roswell B. Mason Elementary School","1","casual"
"Public Rack - Rockwell Ave & 71st St","1","casual"
"Public Rack - Lemont Ave & Keating Ave","1","casual"
"Stewart Ave & 123rd St","1","member"
"Public Rack - Rockwell & 111th St","1","member"
"Public Rack - Richmond St & Thorndale Ave","1","member"
"Public Rack - Racine Ave & 83rd St","1","member"
"Public Rack - Brooks Park","1","casual"
"Public Rack - Brighton Park Branch Chicago Library","1","casual"
"Public Rack - Brandon Ave & 91st St","1","casual"
"Public Rack - Brainerd Park","1","member"
"Public Rack - Bradley Park","1","member"
"Public Rack - Pullman Community Center","1","member"
"Public Rack - Pullman - Walmart","1","member"
"Public Rack - Bishop St & 81st St","1","member"
"Public Rack - Pullman - Ross Dress for Less","1","member"
"Public Rack - Pullman - Ross Dress for Less","1","casual"
"Public Rack - Pulaski Rd & Stevens Ave","1","casual"
"Public Rack - Bensley Ave & 103rd St","1","casual"
"Public Rack - Bell Ave & 95th St","1","casual"
"Public Rack - Baltimore Ave & 132nd St","1","casual"
"Public Rack - Pulaski Rd & Roosevelt Rd","1","member"
"Public Rack - Pulaski Rd & Polk St","1","member"
"Public Rack - Pulaski Rd & Lexington St","1","member"
"Public Rack - Pulaski Rd & Lake St","1","member"
"Public Rack - Leclaire Ave & Division St","1","casual"
"Public Rack - Avers Ave & Archer Ave","1","member"
"Public Rack - Langley Ave & 79th St","1","casual"
"Public Rack - Avers Ave & Archer Ave","1","casual"
"Public Rack - Pulaski Rd & Grenshaw St","1","member"
"Public Rack - Pulaski Rd & Flournoy St","1","member"
"Public Rack - Avenue O & 118th St","1","member"
"Public Rack - Avenue M & 132nd St","1","member"
"Public Rack - Pulaski Rd & 85th St","1","member"
"Public Rack - Ave N & 106th St","1","member"
"Public Rack - Ave N & 106th St","1","casual"
"Public Rack - Ave L & 105th St","1","member"
"Public Rack - Austin Branch Chicago Public Library","1","member"
"Public Rack - Pulaski Rd & 85th St","1","casual"
"Public Rack - Leader & Caldwell","1","casual"
"Public Rack - Austin Ave & Wrightwood Ave","1","casual"
"Public Rack - Austin Ave & Archer Ave","1","casual"
"Public Rack - Austin & Higgins","1","casual"
"Public Rack - Ashland Ave & 91st St","1","member"
"Public Rack - Ashland Ave & 83rd St","1","member"
"Public Rack - Ashland Ave & 74th St","1","casual"
"Public Rack - Pulaski Rd & 5th Ave","1","member"
"Public Rack - Pulaski Rd & 5th Ave","1","casual"
"Public Rack - Pulaski Rd & 51st Rd","1","member"
"Public Rack - Ashland Ave & 45th St  S","1","member"
"Public Rack - Kostner & 83rd","1","member"
"Public Rack - Pulaski Rd & 41st","1","member"
"Public Rack - Pulaski Rd & 41st","1","casual"
"Public Rack - Ashland Ave & 45th St  S","1","casual"
"Public Rack - Ashland Ave & 45th St","1","member"
"Public Rack - Albany Ave & 63rd St","1","casual"
"Public Rack - Albany Ave & 103rd St","1","member"
"Public Rack - Lawrence Ave & 103rd St","1","member"
"Public Rack - Al Raby School","1","casual"
"Public Rack - Pulaski Rd & 40th St","1","member"
"Public Rack - Ada St & 79th St","1","member"
"Public Rack - Ada St & 119th St","1","member"
"Public Rack - 83rd Pl & Kedzie Ave S","1","member"
"Public Rack - 82nd st & Kedzie Ave","1","member"
"Public Rack - Pulaski & 52nd","1","casual"
"Public Rack - Princeton Ave & 43rd St","1","member"
"Public Rack - Pratt Ave & Odell Ave","1","casual"
"Public Rack - 56th St & Mulligan Ave","1","member"
"Public Rack - 53rd St & Indiana Ave","1","member"
"Public Rack - 53rd St & Indiana Ave","1","casual"
"Public Rack - 4810 Keeler Ave","1","casual"
"Public Rack - 10557 S Western Ave","1","casual"
"Public Rack - 10101 S Stony Island Ave","1","casual"
"Public Rack - Piotrowski Park","1","member"
"Plainfield & Irving Park","1","member"
"Public Rack - Peterson Ave & Bernard Ave","1","member"
"Public Rack - Peoria St & 60th St","1","casual"
"Public Rack - Kostner Ave & 16th St","1","member"
"Public Rack - Parnell Ave & 98th St","1","member"
"Public Rack - Parkside & Archer","1","member"
"Public Rack - Parkside & Archer","1","casual"
"NEW HASTINGS ","1","member"
"Public Rack - Park Manor Elementary School","1","member"
"MTV Hubbard St","1","casual"
"Public Rack - Ozark Ave & Addison St","1","member"
"Public Rack - Osceola Ave & Touhy Ave","1","casual"
"Public Rack - Oketo Ave & Belmont Ave","1","member"
"Public Rack - Oglesby Ave & 95th St","1","casual"
"Public Rack - Oglesby Ave & 105th St","1","member"
"Public Rack - Octavia Ave & Touhy Ave","1","member"
"Public Rack - Kostner Ave & Diversey Ave","1","casual"
"Public Rack - Northwest Hwy & Overhill Ave","1","member"
"Public Rack - Northwest Hwy & Overhill Ave","1","casual"
"Public Rack - Normandy Ave & Raven St","1","member"
"Public Rack - Lawndale Ave & 63rd St","1","casual"
"Public Rack - Normal Blvd & 61st Pl","1","casual"
"Public Rack - Nordica Ave & Higgins Ave","1","casual"
"Public Rack - Nordica Ave & Addison St","1","member"
"Public Rack - Nordica & Archer","1","member"
"Public Rack - Newland Ave & Diversey Ave","1","member"
"Public Rack - Newcastle Ave & Wellington Ave","1","member"
"Public Rack - Newcastle Ave & Belmont Ave","1","member"
"Public Rack - Newcastle Ave & Belden Ave","1","casual"
"Public Rack - Newcastle & Archer","1","casual"
"Public Rack - Lawndale Ave & 23rd St","1","casual"
"Public Rack - Lawndale & 63rd St","1","member"
"Public Rack - New England Ave & Irving Park Rd","1","member"
"Public Rack - Neva & Foster","1","member"
"Public Rack - N Sayre Ave & W Belden Ave","1","casual"
"Public Rack - Mulligan Ave & 56th St","1","member"
"Public Rack - Mulligan Ave & 56th St","1","casual"
"Public Rack - Mt Greenwood Library N","1","member"
"Public Rack - Mt Greenwood Library - South","1","casual"
"Public Rack - Morgan St & 95th St","1","member"
"Public Rack - Morgan St & 87th St","1","casual"
"Public Rack - Lafayette Ave & 87th St - NW","1","casual"
"Public Rack - Minnehaha Ave & Devon Ave","1","member"
"Kedzie Ave & 38th St","1","member"
"Public Rack - Laflin St & 51st St","1","member"
"Public Rack - Lake Park Ave & 44th St","1","member"
"Public Rack - Milwaukee Ave & Catalpa Ave","1","casual"
"Public Rack - Midway Orange Line","1","casual"
"Public Rack - Michigan Ave & 67th St","1","member"
"Public Rack - Laporte Ave & Armitage Ave","1","member"
"Public Rack - Michigan Ave & 107th St","1","member"
"Public Rack - Lavergne & Lawrence","1","casual"
"Public Rack - Michigan Ave & 107th St","1","casual"
"Public Rack - Miami Ave & Milwaukee Ave","1","member"
"Public Rack - Miami Ave & Milwaukee Ave","1","casual"
"Public Rack - Menard Ave & Leland Ave","1","member"
"Public Rack - Menard Ave & Grand Ave","1","member"
"Public Rack - Laramie Ave & Warwick Ave","1","member"
"Public Rack - Menard Ave & Agusta Blvd","1","casual"
"Public Rack - Menard Ave & Adams Blvd","1","member"
"Public Rack - Menard Ave & Adams Blvd","1","casual"
"Public Rack - Meade Ave & Archer Ave","1","member"
"Public Rack - Meade Ave & Archer Ave","1","casual"
"Public Rack - McVicker Ave & Grand Ave","1","casual"
"Public Rack - McVicker & 52nd","1","member"
"Green St & 86th St","1","casual"
"Public Rack - May St & 87th St","1","casual"
